configuration_installation_chauffage_n2,configuration_installation_chauffage_n1,conso_chauffage_installation_chauffage_n1,type_generateur_n1_ecs_n1,numero_voie_ban,score_ban,conso_chauffage_generateur_n1_installation_n2,surface_habitable_immeuble,conso_auxiliaires_ep,conso_chauffage_installation_chauffage_n2,deperditions_murs,cout_eclairage,conso_auxiliaires_ef,statut_geocodage,ventilation_posterieure_2012,cout_chauffage,conso_5_usages_par_m2_ep,date_etablissement_dpe,conso_ecs_ef_energie_n1,emission_ges_chauffage,description_installation_chauffage_n2,description_installation_chauffage_n1,conso_5_usages_par_m2_ef,conso_chauffage_ef_energie_n1,qualite_isolation_menuiseries,date_reception_dpe,cout_total_5_usages_energie_n1,cout_ecs_energie_n1,qualite_isolation_plancher_bas,modele_dpe,qualite_isolation_enveloppe,conso_chauffage_generateur_n1_installation_n1,type_energie_n1,emission_ges_eclairage,code_postal_ban,emission_ges_ecs,conso_5_usages_ef,conso_5_usages_ef_energie_n1,code_insee_ban,deperditions_planchers_bas,nombre_niveau_immeuble,conso_5_usages_ep,date_fin_validite_dpe,deperditions_enveloppe,complement_adresse_batiment,code_region_ban,volume_stockage_generateur_n1_ecs_n1,surface_chauffee_installation_chauffage_n2,surface_chauffee_installation_chauffage_n1,version_dpe,besoin_ecs,coordonnee_cartographique_x_ban,type_generateur_chauffage_principal,type_energie_principale_ecs,apport_solaire_saison_chauffe,adresse_ban,nombre_appartement,deperditions_renouvellement_air,_rand,surface_habitable_desservie_par_installation_ecs_n1,production_electricite_pv_kwhep_par_an,type_installation_chauffage,cout_ecs,type_installation_ecs_n1,emission_ges_5_usages_energie_n1,apport_interne_saison_froide,emission_ges_5_usages_par_m2,description_generateur_chauffage_n1_installation_n1,qualite_isolation_plancher_haut_comble_perdu,apport_interne_saison_chauffe,apport_solaire_saison_froide,type_generateur_n1_installation_n1,nombre_logements_desservis_par_installation_ecs_n1,type_generateur_n1_installation_n2,cout_auxiliaires,type_emetteur_installation_chauffage_n2,type_emetteur_installation_chauffage_n1,besoin_chauffage,configuration_installation_ecs_n1,description_installation_ecs_n1,description_generateur_chauffage_n1_installation_n2,classe_inertie_batiment,deperditions_ponts_thermiques,type_generateur_chauffage_principal_ecs,emission_ges_refroidissement,hauteur_sous_plafond,conso_chauffage_ef,nom_commune_ban,_geopoint,date_visite_diagnostiqueur,type_batiment,periode_construction,type_installation_ecs,conso_ecs_ep,conso_ecs_ef,emission_ges_5_usages,date_derniere_modification_dpe,etiquette_ges,identifiant_ban,deperditions_baies_vitrees,type_energie_generateur_n1_ecs_n1,ubat_w_par_m2_k,numero_etage_appartement,nom_commune_brut,conso_ef_installation_ecs_n1,etiquette_dpe,description_generateur_n1_ecs_n1,code_departement_ban,type_installation_chauffage_n1,type_installation_chauffage_n2,methode_application_dpe,adresse_brut,cout_total_5_usages,conso_refroidissement_ef,conso_eclairage_ef,deperditions_planchers_hauts,zone_climatique,conso_ef_generateur_n1_ecs_n1,emission_ges_ecs_energie_n1,cout_refroidissement,conso_chauffage_ep,usage_generateur_n1_installation_n2,conso_eclairage_ep,usage_generateur_n1_installation_n1,nom_rue_ban,qualite_isolation_murs,type_installation_solaire_n1,classe_altitude,adresse_complete_brut,conso_refroidissement_ep,type_energie_principale_chauffage,numero_dpe,_i,besoin_refroidissement,emission_ges_chauffage_energie_n1,deperditions_portes,cout_chauffage_energie_n1,type_energie_generateur_n1_installation_n2,coordonnee_cartographique_y_ban,type_energie_generateur_n1_installation_n1,code_postal_brut,emission_ges_auxiliaires,usage_generateur_n1_ecs_n1,_score,_id,conso_ecs_ef_energie_n2,cout_ecs_energie_n2,conso_chauffage_ef_energie_n2,presence_brasseur_air,cout_total_5_usages_energie_n2,isolation_toiture,type_energie_n2,conso_5_usages_ef_energie_n2,nombre_niveau_logement,surface_habitable_logement,emission_ges_5_usages_energie_n2,complement_adresse_logement,annee_construction,protection_solaire_exterieure,logement_traversant,emission_ges_ecs_energie_n2,emission_ges_chauffage_energie_n2,indicateur_confort_ete,inertie_lourde,cout_chauffage_energie_n2,appartement_non_visite,production_ecs_solaire_installation_n1,numero_dpe_immeuble_associe,facteur_couverture_solaire_n1,qualite_isolation_plancher_haut_toit_terrasse,categorie_enr,numero_dpe_remplace,provenance_id_rnb,id_rnb,type_energie_climatisation,surface_climatisee,type_generateur_froid,conso_refroidissement_annuel,periode_installation_generateur_froid,description_generateur_froid,position_logement_dans_immeuble,systeme_production_electricite_origine_renouvelable,presence_production_pv,surface_ventilee,type_ventilation,typologie_logement,date_installation_generateur_n1_ecs_n1,nom_residence,surface_totale_capteurs_pv,nombre_module,cop_generateur_n1_ecs_n1,conso_ecs_ef_energie_n3,description_generateur_chauffage_n2_installation_n1,cout_ecs_energie_n3,conso_chauffage_ef_energie_n3,cout_total_5_usages_energie_n3,usage_generateur_n2_installation_n1,type_energie_n3,conso_5_usages_ef_energie_n3,type_generateur_n2_installation_n1,type_energie_generateur_n2_installation_n1,emission_ges_5_usages_energie_n3,emission_ges_ecs_energie_n3,emission_ges_chauffage_energie_n3,conso_chauffage_generateur_n2_installation_n1,cout_chauffage_energie_n3,numero_immatriculation_copropriete,qualite_isolation_plancher_haut_comble_amenage,type_logement,besoin_ecs_batiment,besoin_ecs_logement,deperditions_totales_logement,deperditions_totales_batiment,dju,t_moy_hiver,t_moy_ete
Installation de chauffage simple,Installation de chauffage simple,1822.0,Ballon électrique à accumulation vertical Catégorie B ou 2 étoiles,25,0.66,1822.0,1363.5,12944.7,1822.0,593.0,596.3,6813.0,adresse géocodée ban à l'adresse,0,10917.4,139.0,2026-01-07,43488.7,3742.4,"Radiateur électrique NFC, NF** et NF*** avec programmateur avec réduit (système individuel)","Radiateur électrique NFC, NF** et NF*** avec programmateur avec réduit (système individuel)",73.0,47371.6,très bonne,2026-01-07,23106.4,10022.5,moyenne,DPE 3CL 2021 méthode logement,bonne,1822.0,Électricité,178.5,11000,2826.8,100260.6,100260.6,11069,254.1,4.0,190495.2,2036-01-06,2188.2,DIA-JME1-2512-023,76,188.4,454.5,454.5,2.6,25462.3,647889.49,"radiateur électrique NFC, NF** et NF***",Électricité,3016.0,25 Rue de Belfort 11000 Carcassonne,26.0,760.9,458188,454.5,0.0,individuel,10022.5,installation individuelle,7183.7,0.0,5.0,"Electrique - Radiateur électrique à inertie (modélisé comme un radiateur NFC, NF** et NF***)",moyenne,34337.2,0.0,"radiateur électrique NFC, NF** et NF***",1.0,"radiateur électrique NFC, NF** et NF***",1570.1,"radiateur électrique NFC, NF** et NF***","radiateur électrique NFC, NF** et NF***",49843.2,Un seul système d'ECS sans solaire,"Ballon électrique à accumulation vertical (catégorie B ou 2 étoiles), contenance ballon 150 L","Electrique - Radiateur électrique à inertie (modélisé comme un radiateur NFC, NF** et NF***)",Moyenne,454.4,Ballon électrique à accumulation vertical Catégorie B ou 2 étoiles,0.0,2.5,47371.6,Carcassonne,"43.21658904532532,2.359097060835481",2026-01-05,immeuble,2001-2005,individuel,82628.5,43488.7,7183.7,2026-01-07,A,11069_0550_00025,28.6,Électricité,0.62,0.0,CARCASSONNE,1720.8,C,Electrique - Ballon électrique à accumulation vertical (catégorie B ou 2 étoiles),11,installation individuelle,installation individuelle,dpe immeuble collectif,"25 Rue de Belfort
JARDINS DES REMPARTS I",23106.4,0.0,2587.3,83.5,H3,1720.8,2826.8,0.0,90006.1,chauffage,4915.9,chauffage,Rue de Belfort,moyenne,Non affecté,inférieur à 400m,"25 Rue de Belfort
JARDINS DES REMPARTS I 11000 CARCASSONNE",0.0,Électricité,2611E0031228S,29896403355010,0.0,3742.4,13.7,10917.4,Électricité,6235475.96,Électricité,11000,436.0,ecs,,8f6d7ec59cb91e4a79c294d5789c74bad817fd9d79ed298fe0f0315c6c533680,,,,,,,,,,,,,,,,,,,,,,,,,,,,,,,,,,,,,,,,,,,,,,,,,,,,,,,,,,,,,,,,existant,,,,,1636.9,8.07,23.58
,Installation de chauffage simple,1007.6,Réseau de chaleur isolé,,0.74,,6906.0,301.6,,8.8,6.4,158.7,adresse géocodée ban à l'adresse,0,89.9,281.0,2026-01-07,1398.8,98.7,,"Réseau de chaleur isolé régulée, réseau isolé (système collectif). Emetteur(s): plancher chauffant",264.0,1007.6,insuffisante,2026-01-07,214.7,124.8,très bonne,DPE 3CL 2021 méthode logement,insuffisante,1007.6,Réseau de Chauffage urbain,1.3,59000,137.1,2583.6,2406.4,59350,0.0,,2743.1,2036-01-06,25.1,BRICE LOT 822 120122,32,0.0,,9.8,2.6,654.6,700388.61,Réseau de chaleur isolé,Réseau de Chauffage urbain,129.1,Rue Alexandre Desrousseaux (Lomme) 59000 Lille,1.0,4.6,913780,9.8,0.0,collectif,124.8,installation collective,235.8,0.0,25.0,Réseau de chaleur isolé,très bonne,550.9,0.0,Réseau de chaleur isolé,1.0,,31.9,,Plancher chauffant sur réseau collectif eau chaude basse ou moyenne température(inf 65°C),802.1,Un seul système d'ECS sans solaire,Combiné au système de chauffage,,Lourde,2.1,Réseau de chaleur isolé,0.0,2.5,1007.6,Lille,"50.62921597929476,3.00548302344792",2023-01-12,appartement,1948-1974,collectif,1398.8,1398.8,247.3,2026-01-07,C,59355_0075,9.7,Réseau de Chauffage urbain,2.37,0.0,LILLE,1398.8,C,Réseau de chaleur isolé,59,installation collective,,dpe appartement individuel,RESIDENCE DU BEFFROI 4 RUE ALEXANDRE DESROUSSEAUX LOT 822,252.9,0.0,18.4,0.0,H1a,1398.8,137.1,0.0,1007.6,,35.0,chauffage + ecs,Rue Alexandre Desrousseaux (Lomme),insuffisante,Non affecté,inférieur à 400m,RESIDENCE DU BEFFROI 4 RUE ALEXANDRE DESROUSSEAUX LOT 822 59000 LILLE,0.0,Réseau de Chauffage urbain,2659E0039476U,29896403355017,0.0,98.7,0.0,89.9,,7059136.91,Réseau de Chauffage urbain,59000,10.2,chauffage + ecs,,f27777e73bf74a3f5c31195229ee94ca6ddd2e4bc7c043755fc1ed814deeaf9e,0.0,0.0,0.0,0.0,38.3,0.0,Électricité,177.2,1.0,9.8,11.4,Etage : 2ème 822,1970.0,0.0,0.0,0.0,0.0,moyen,1.0,0.0,,,,,,,,,,,,,,,,,,,,,,,,,,,,,,,,,,,,,,,,,,,,existant,,,,,2478.8,5.42,18.42
,Installation de chauffage simple,42551.1,Chaudière gaz à condensation 2001-2015,255,0.97,,1547.4,315.8,,238.4,32.5,166.2,adresse non géocodée ban car aucune correspondance trouvée,0,127.5,66.0,2026-01-05,1442.7,301.3,,"Chaudière collective gaz à condensation installée entre 2001 et 2015 avec équipement d'intermittence central collectif, réseau isolé. Emetteur(s): radiateur bitube avec robinet thermostatique",61.0,1327.3,très bonne,2026-01-05,266.1,138.6,bonne,DPE 3CL 2021 méthode logement,bonne,42551.1,Gaz naturel,6.5,06530,327.5,3029.9,2770.0,06095,124.1,3.0,3263.7,2036-01-04,1959.6,002EW662687,93,2000.0,,1547.4,2.6,25176.3,1013651.91,,Gaz naturel,37258.9,255 Avenue de Peygros 06530 Peymeinade,24.0,668.5,623512,1547.4,0.0,collectif,138.6,installation collective,628.8,0.0,13.0,Gaz Naturel - Chaudière gaz à condensation installée entre 2001 et 2015,,36938.0,0.0,Chaudière gaz à condensation 2001-2015,1.0,,36.6,,Radiateur bitube avec robinet thermostatique sur réseau collectif eau chaude basse ou moyenne température(inf 65°C),32148.8,Un seul système d'ECS avec solaire,"Combiné au système de chauffage, contenance ballon 2000 L, couplé avec un système solaire",,Légère,498.7,,0.0,2.5,1327.3,Peymeinade,"43.62574995889222,6.886627040522575",2025-10-08,appartement,2013-2021,collectif,1442.7,1442.7,645.9,2026-01-05,C,06095_0396_00255,364.1,Gaz naturel,0.57,0.0,PEYMEINADE,37839.7,C,Gaz Naturel - Chaudière gaz à condensation installée entre 2001 et 2015,06,installation collective,,dpe appartement généré à partir des données DPE immeuble,255 AVENUE DE PEYGROS,335.2,0.0,93.6,65.8,H3,37839.7,327.5,0.0,1327.3,,177.9,chauffage + ecs,Avenue de Peygros,très bonne,ECS solaire seule sup 5 ans,inférieur à 400m,255 AVENUE DE PEYGROS 06530 PEYMEINADE,0.0,Gaz naturel,2606E0017721A,29896403355020,0.0,301.3,0.0,127.5,,6288465.36,Gaz naturel,6530,10.6,chauffage + ecs,,2f6206c38ed41a3595194cc83f3d782986b4b8f91e63303793dbd8070c2b57a8,0.0,0.0,0.0,,69.1,,Électricité,259.9,1.0,49.4,17.1,18,,,,0.0,0.0,,,0.0,1.0,25226493.8,2606E0017690V,0.4,très bonne,panneaux solaires thermiques,,,,,,,,,,,,,,,,,,,,,,,,,,,,,,,,,,,,,,existant,,,,,1362.4,9.09,24.3
,Installation de chauffage simple,8618.8,Ballon électrique à accumulation vertical Catégorie B ou 2 étoiles,62,0.78,,7089.1,226.4,,11877.2,15.7,119.2,adresse géocodée ban à l'adresse,0,527.3,319.0,2026-01-02,0.0,1075.7,,Réseau de chaleur vertueux isolé avec équipement d'intermittence central collectif. Emetteur(s): radiateur monotube avec robinet thermostatique,269.0,5910.3,moyenne,2026-01-02,527.3,0.0,insuffisante,DPE 3CL 2021 méthode logement,insuffisante,8618.8,Réseau de Chauffage urbain,3.6,75013,89.8,7464.0,5910.3,75113,322.5,6.0,8862.4,2036-01-01,23904.0,250701STH_ELOGIE_PARIS 1329698,11,100.0,,7089.1,2.6,190733.0,654022.35,,Électricité,4055.7,62 Rue du Dessous des Berges 75013 Paris,195.0,8402.5,866614,708.9,0.0,collectif,414.2,installation individuelle,1075.7,0.0,42.0,Réseau de chaleur isolé,insuffisante,263865.1,0.0,Réseau de chaleur isolé,1.0,,24.1,,Radiateur monotube avec robinet thermostatique sur réseau collectif eau chaude haute température(sup ou egal 65°C),1153265.1,Un seul système d'ECS sans solaire,"Ballon électrique à accumulation vertical (catégorie B ou 2 étoiles), contenance ballon 100 L",,Lourde,2148.0,,0.0,2.5,5910.3,Paris,"48.82779300100895,2.3737170147307167",2025-07-01,appartement,avant 1948,individuel,2626.2,1382.2,1176.8,2026-01-02,D,75113_2756_00062,73.4,Électricité,1.99,0.0,PARIS 13,1691.4,E,Electrique - Ballon électrique à accumulation vertical (catégorie B ou 2 étoiles),75,installation collective,,dpe appartement généré à partir des données DPE immeuble,BAT 2/ 62 RUE REGNAULT - 7/11 RUE DU DESSOUS DES BERGES,981.3,0.0,52.4,1080.4,H1a,1691.4,0.0,0.0,5910.3,,99.5,chauffage,Rue du Dessous des Berges,insuffisante,Non affecté,inférieur à 400m,BAT 2/ 62 RUE REGNAULT - 7/11 RUE DU DESSOUS DES BERGES 75013 PARIS 13,0.0,Réseau de Chauffage urbain,2675E0004081B,29896403355024,0.0,1075.7,0.0,527.3,,6858819.47,Réseau de Chauffage urbain,75013,7.6,ecs,,293f3772f92794c8768a95aa8e4f48910fb657d7563d473543597a9daf0174b4,1382.2,414.2,0.0,,454.0,,Électricité,1553.7,1.0,27.7,101.1,Batiment 01053001010112,,,,89.8,0.0,,,0.0,1.0,,2675E0004013L,,,réseau de chaleur ou de froid vertueux,2575E2183562F,,,,,,,,,,,,,,,,,,,,,,,,,,,,,,,,,,,,,existant,,,,,2272.0,5.79,19.98
Installation de chauffage simple,Installation de chauffage simple,2365.5,Ballon électrique à accumulation vertical Catégorie B ou 2 étoiles,,0.42,1937.7,,0.0,1937.7,53.5,37.7,0.0,adresse géocodée ban à l'adresse,0,926.4,141.0,2026-01-05,2056.2,340.0,PAC air/air sans réseau de distribution installée à partir de 2015 avec programmateur pièce par pièce (système individuel),"Radiateur électrique NFC, NF** et NF*** (système individuel)",74.0,4303.3,moyenne,2026-01-05,1422.3,442.6,insuffisante,DPE 3CL 2021 méthode logement,moyenne,2365.5,Électricité,12.1,33490,133.7,6606.9,6606.9,33438,28.1,,12553.2,2036-01-04,276.5,BILLION/25/1979,75,200.0,63.7,25.0,2.6,1118.3,441970.39,,Électricité,2555.6,Fleur 33490 Saint-Maixant,,85.3,935258,88.7,0.0,,442.6,installation individuelle,490.3,108.7,5.0,"Electrique - Radiateur électrique à inertie (modélisé comme un radiateur NFC, NF** et NF***)",,2222.7,440.0,"radiateur électrique NFC, NF** et NF***",1.0,PAC air/air installée à partir de 2015,0.0,Soufflage d'air chaud (air soufflé) avec distribution par fluide frigorigène,"radiateur électrique NFC, NF** et NF***",9817.6,Un seul système d'ECS sans solaire,"Ballon électrique à accumulation vertical (catégorie B ou 2 étoiles), contenance ballon 200 L",Electrique - PAC air/air sans réseau de distribution installée à partir de 2015,Légère,20.6,,4.6,2.5,4303.3,Saint-Maixant,"44.570591997699445,-0.25052195755074064",2025-12-22,maison,1978-1982,,3906.7,2056.2,490.3,2026-01-05,A,33438_b1r8ky,41.1,Électricité,0.71,0.0,ST MAIXANT,2056.2,C,Electrique - Ballon électrique à accumulation vertical (catégorie B ou 2 étoiles),33,installation individuelle,installation individuelle,dpe maison individuelle,9 Quartier Fleur,1422.3,72.6,174.9,41.9,H2c,2056.2,133.7,15.6,8176.2,chauffage,332.3,chauffage,Fleur,moyenne,Non affecté,inférieur à 400m,9 Quartier Fleur 33490 ST MAIXANT,137.9,Électricité,2633E0007887V,29896403355026,714.8,340.0,5.9,926.4,Électricité,6391035.24,Électricité,33490,0.0,ecs,,69614a21e2e3aa8df9e67bc4a09d37f207504ab2948c1bea461db79196f820ef,,,,0.0,,1.0,,,2.0,88.7,,Maison 2 niveaux,,1.0,1.0,,,moyen,0.0,,,,,,insuffisante,pompe à chaleur,,Logiciel,YA75WSEYGFGK,Électricité,63.7,PAC air/air installée à partir de 2015,72.6,A partir de 2015,Refroidissement - Electrique - Pompe à chaleur (divisé) - type split,,,,,,,,,,,,,,,,,,,,,,,,,,,,,existant,,,,,1735.7,7.73,21.41
,Installation de chauffage simple,3390.3,Ballon électrique à accumulation vertical Catégorie B ou 2 étoiles,5,0.56,,801.1,0.0,,90.0,136.7,0.0,adresse non géocodée ban car aucune correspondance trouvée,0,447.9,126.5,2023-08-14,2154.2,199.8,,Emission n°1,66.6,2529.2,bonne,2023-10-24,966.0,381.4,bonne,DPE 3CL 2021 méthode logement,moyenne,3390.3,Électricité,1.7,14120,140.0,4820.2,4707.7,14437,92.5,3.0,9158.4,2033-08-13,1256.8,,28,200.0,,72.4,2.3,15129.3,457868.01,"Panneau rayonnant électrique NFC, NF** et NF***",Électricité,16743600.0,5 Allée Lucie Aubrac 14120 Mondeville,12.0,474.0,420565,6.0,0.0,mixte (collectif-individuel),381.4,installation individuelle,141.7,0.0,4.8,Generateur Effet joule,,25797430.0,0.0,"Panneau rayonnant électrique NFC, NF** et NF***",12.0,,0.0,,"Panneau rayonnant NFC, NF** et NF***",42745.0,Un seul système d'ECS sans solaire,ECS Electrique,,Légère,252.2,Ballon électrique à accumulation vertical Catégorie B ou 2 étoiles,0.0,2.5,2529.2,Mondeville,"49.17699200815408,-0.32138103646583094",2023-08-14,appartement,2006-2012,individuel,4954.7,2154.2,349.3,2026-01-09,A,14437_0521_00005,280.6,Électricité,0.75,,Mondeville,2158.0,C,,14,installation individuelle,,dpe appartement généré à partir des données DPE immeuble,1-3-5 5 allée Lucie Aubrac - Logement 022,853.5,0.0,24.2,67.6,H1a,2158.0,140.0,0.0,5817.3,,55.7,chauffage,Allée Lucie Aubrac,très bonne,Non affecté,inférieur à 400m,1-3-5 5 allée Lucie Aubrac - Logement 02214120 Mondeville,0.0,Électricité,2314E3597620Q,29896403355037,0.0,0.0,0.0,447.9,,6902564.74,Électricité,14120,0.0,ecs,,b1bba2863b06e6c613be29e44d649f04bbc8c2a832127cceffa5235b93a23f17,,,,,,,,,1.0,72.4,,1-Bâtiment 1143.01-8-ESI 1143.01.01.0022 RPLS 16252265,2010.0,,,,,,,,0.0,,2314E3597554C,,,,,Reprise RNB,2P2X86NSNRWT,,,,,,,RDC,Solaire Photovoltaïque,0.0,72.4,Ventilation par ouverture des fenêtres,T2,Avant 2010,,,,,,,,,,,,,,,,,,,,,,existant,,,,,2247.7,6.76,18.08
,Installation de chauffage simple,1906.6,Réseau de chaleur isolé,23,0.6,,21453.0,566.1,,1.2,12.1,298.0,adresse géocodée ban à l'adresse,0,170.1,220.0,2026-01-06,1532.0,335.6,,Réseau de chaleur vertueux isolé réseau isolé (système collectif). Emetteur(s): radiateur bitube sans robinet thermostatique,204.0,1906.6,insuffisante,2026-01-06,306.8,136.7,très bonne,DPE 3CL 2021 méthode logement,moyenne,1906.6,Réseau de Chauffage urbain,2.4,92800,269.6,3771.5,3438.6,92062,0.0,,4071.0,2036-01-05,43.7,01/IMO/1253/F.B,11,0.0,,18.5,2.6,758.4,644049.33,Réseau de chaleur isolé,Réseau de Chauffage urbain,856.5,23 Rue Louis Pouey 92800 Puteaux,1.0,10.4,527653,18.5,0.0,collectif,136.7,installation collective,605.2,0.0,33.0,Réseau de chaleur isolé,très bonne,850.6,0.0,Réseau de chaleur isolé,1.0,,59.7,,Radiateur bitube sans robinet thermostatique sur réseau collectif eau chaude haute température(sup ou egal 65°C),1303.3,Un seul système d'ECS sans solaire,Combiné au système de chauffage,,Lourde,2.6,Réseau de chaleur isolé,0.0,2.5,1906.6,Puteaux,"48.88771700727831,2.2369889612509066",2025-11-04,appartement,1989-2000,collectif,1532.0,1532.0,626.7,2026-01-06,C,92062_5172_00023,29.6,Réseau de Chauffage urbain,0.66,0.0,PUTEAUX,1532.0,C,Réseau de chaleur isolé,92,installation collective,,dpe appartement individuel,23 Rue Louis Pouey,378.5,0.0,34.9,0.0,H1a,1532.0,269.6,0.0,1906.6,,66.3,chauffage + ecs,Rue Louis Pouey,moyenne,Non affecté,inférieur à 400m,23 Rue Louis Pouey 92800 PUTEAUX,0.0,Réseau de Chauffage urbain,2692E0029561S,29896403355040,0.0,335.6,0.0,170.1,,6865570.72,Réseau de Chauffage urbain,92800,19.1,chauffage + ecs,,db430d511b90dac3215a8bcd9417960d129011632c3989948e93171b56abdc1f,0.0,0.0,0.0,0.0,71.8,0.0,Électricité,332.8,1.0,18.5,21.5,38ème étage,,0.0,0.0,0.0,0.0,insuffisant,1.0,0.0,,,,,,réseau de chaleur ou de froid vertueux,,,,,,,,,,,,,,,,,,,,,,,,,,,,,,,,,,,,,,existant,,,,,2293.0,5.79,19.72
,Installation de chauffage simple,5296.6,Ballon électrique à accumulation vertical Autres ou inconnue,6,0.41,,,582.5,,32.2,25.6,306.6,adresse géocodée ban à l'adresse,0,1127.3,228.0,2026-01-07,1919.8,418.4,,Radiateur électrique à fluide caloporteur (modélisé comme un radiateur à accumulation) avec programmateur pièce par pièce (système individuel),120.0,5296.6,moyenne,2026-01-07,1626.7,408.6,insuffisante,DPE 3CL 2021 méthode logement,bonne,5296.6,Électricité,8.3,50590,124.8,7643.1,7643.1,50349,31.6,,14521.8,2036-01-06,171.4,DPE-0219-01-0006-251110,28,200.0,,63.5,2.6,1025.5,369238.53,Radiateur électrique à accumulation,Électricité,1560.8,6 Impasse de l'Aubépine 50590 Montmartin-sur-Mer,,59.2,512459,63.5,0.0,,408.6,installation individuelle,571.1,0.0,8.0,Electrique - Radiateur électrique à accumulation,très bonne,2060.6,0.0,Radiateur électrique à accumulation,1.0,,65.3,,Radiateur électrique à accumulation,6424.2,Un seul système d'ECS sans solaire,"Ballon électrique à accumulation vertical (autres catégorie ou inconnue), contenance ballon 200 L",,Moyenne,10.9,Ballon électrique à accumulation vertical Autres ou inconnue,0.0,2.5,5296.6,Montmartin-sur-Mer,"48.985058004412735,-1.5215120220868077",2025-11-10,maison,1989-2000,,3647.5,1919.8,571.1,2026-01-07,B,50349_0070_00006,18.5,Électricité,0.52,0.0,MONTMARTIN SUR MER,1919.8,D,Electrique - Ballon électrique à accumulation vertical (autres catégorie ou inconnue),50,installation individuelle,,dpe maison individuelle,6 IMPASSE DE L'AUBEPINE,1626.7,0.0,120.1,7.3,H2a,1919.8,124.8,0.0,10063.6,,228.1,chauffage,Impasse de l'Aubépine,bonne,Non affecté,inférieur à 400m,6 IMPASSE DE L'AUBEPINE 50590 MONTMARTIN SUR MER,0.0,Électricité,2650E0036638H,29896403355041,0.0,418.4,11.8,1127.3,,6885597.56,Électricité,50590,19.6,ecs,,441c580c57dab861f23d4a01efd3ef27461e5462e8ccb2c29ded66e8c1dcd139,,,,0.0,,1.0,,,1.0,63.5,,,,1.0,1.0,,,moyen,0.0,,,,,,,,,Logiciel,YYNY2SHR1A5D,,,,,,,,,,,,,,,,,,,,,,,,,,,,,,,,,,,existant,,,,,2326.6,6.61,17.59
,Installation de chauffage simple,139466.6,Chaudière(s) gaz multi bâtiment modélisée comme un réseau de chaleur,,,,2585.0,457.2,,903.9,51.4,240.6,adresse non géocodée ban car aucune correspondance trouvée,0,318.7,118.0,2026-01-06,4601.9,810.9,,Chaudière collective(s) gaz multi bâtiment modélisée comme un réseau de chaleur avec équipement d'intermittence central collectif. Emetteur(s): radiateur bitube avec robinet thermostatique,114.0,3572.4,moyenne,2026-01-06,729.2,410.5,insuffisante,DPE 3CL 2021 méthode logement,moyenne,139466.6,Réseau de Chauffage urbain,10.2,,1044.6,8562.9,8174.3,,666.2,5.0,8912.7,2036-01-05,4734.7,002EX061353,,0.0,,2585.0,2.6,41503.8,,Chaudière(s) gaz multi bâtiment modélisée comme un réseau de chaleur,Réseau de Chauffage urbain,70601.8,,37.0,1600.3,993265,2585.0,0.0,collectif,410.5,installation collective,1855.6,0.0,25.0,Réseau de chaleur - Chaudière(s) gaz multi bâtiment modélisée comme un réseau de chaleur,,57904.6,0.0,Chaudière(s) gaz multi bâtiment modélisée comme un réseau de chaleur,1.0,,50.9,,Radiateur bitube avec robinet thermostatique sur réseau collectif eau chaude haute température(sup ou egal 65°C),108606.4,Un seul système d'ECS sans solaire,Combiné au système de chauffage,,Très lourde,514.6,Chaudière(s) gaz multi bâtiment modélisée comme un réseau de chaleur,0.0,2.5,3572.4,,,2025-12-09,appartement,1948-1974,collectif,4601.9,4601.9,1881.2,2026-01-06,C,,968.1,Réseau de Chauffage urbain,0.8,0.0,AVIGNON,164697.5,C,Réseau de chaleur - Chaudière(s) gaz multi bâtiment modélisée comme un réseau de chaleur,nan,installation collective multi-bâtiment : modélisée comme un réseau de chaleur,,dpe appartement généré à partir des données DPE immeuble,STCHAMAND BAT B2 - ENTREE 25/26/27/28,831.5,0.0,148.0,81.6,H2d,164697.5,1044.6,0.0,3572.4,,281.2,chauffage + ecs,,insuffisante,Non affecté,inférieur à 400m,STCHAMAND BAT B2 - ENTREE 25/26/27/28 84000 AVIGNON,0.0,Réseau de Chauffage urbain,2684E0024134R,29896403355047,0.0,810.9,0.0,318.7,,,Réseau de Chauffage urbain,84000,15.4,chauffage + ecs,,ac50851ef1f5d7dbfc917efd6d10f3642dc7564192ee5e3fec3372810e4a28cd,0.0,0.0,0.0,,102.3,,Électricité,388.6,1.0,75.0,25.6,0175-006717,,,,0.0,0.0,,,0.0,1.0,,2684E0023804Z,,très bonne,,2584E3913541F,,,,,,,,,,,,,,,,,,,,,,,,,,,,,,,,,,,,,existant,,,,,,,
,Installation de chauffage simple,12034.4,Chaudière gaz standard 2001-2015,22,0.8,,,783.0,,80.0,58.0,412.1,adresse géocodée ban à l'adresse,0,1294.0,171.9,2026-01-08,2342.8,2731.8,,Chauffage sans solaire,166.2,12034.4,très bonne,2026-01-08,1546.0,252.0,,DPE 3CL 2021 méthode logement,bonne,12034.4,Gaz naturel,11.5,01800,531.8,14956.7,14377.2,01244,0.0,,15478.2,2036-01-07,191.6,,84,0.0,,90.0,2.6,1395.6,870188.97,Chaudière gaz standard 2001-2015,Gaz naturel,1105890.8,22 Rue du Ban Thévenin 01800 Meximieux,,69.8,804961,90.0,0.0,individuel,252.0,installation individuelle,3263.6,0.0,36.6,Chaudière standard,très bonne,2215818.0,0.0,Chaudière gaz standard 2001-2015,1.0,,143.0,,Radiateur bitube sans robinet thermostatique sur réseau individuel eau chaude basse ou moyenne température(inf 65°C),7752.8,Un seul système d'ECS sans solaire,Chaudière standard Gaz naturel,,Légère,15.1,Chaudière gaz standard 2001-2015,0.0,2.5,12034.4,Meximieux,"45.90639601013209,5.195573053586032",2025-12-11,appartement,1978-1982,individuel,2342.8,2342.8,3301.5,2026-01-08,D,01244_0060_00022,14.0,Gaz naturel,0.58,4.0,MEXIMIEUX,2342.8,D,Chaudière standard,01,installation individuelle,,dpe appartement individuel,22 rue du Ban Thévenin,1747.0,0.0,167.4,12.0,H1c,2342.8,531.8,0.0,12034.4,,318.0,chauffage + ecs,Rue du Ban Thévenin,insuffisante,Non affecté,inférieur à 400m,22 rue du Ban Thévenin 01800 MEXIMIEUX,0.0,Gaz naturel,2601E0050971R,29896403355050,0.0,2731.8,0.7,1294.0,,6536445.33,Gaz naturel,1800,26.4,chauffage + ecs,,b95e854be8c33fe29140fd61ad6e7e0896da12926e4b5e4371fafa0a8443c2cc,0.0,0.0,0.0,0.0,201.0,1.0,Électricité,579.5,1.0,90.0,37.9,,1982.0,1.0,1.0,0.0,0.0,moyen,0.0,0.0,,,,,,,,,,,,,,,,,,,,,,,Bâtiment Les Russoles,,,,,,,,,,,,,,,,,,,,,existant,,,,,2345.5,4.71,21.24
,Installation de chauffage simple,9785.4,Réseau de chaleur isolé,4,0.62,,9000.0,1895.6,,28.6,65.6,997.7,adresse géocodée ban à l'adresse,0,873.0,140.0,2026-01-08,1993.7,900.3,,Réseau de chaleur vertueux isolé avec équipement d'intermittence central collectif. Emetteur(s): radiateur monotube avec robinet thermostatique,129.0,9785.4,insuffisante,2026-01-08,1050.8,177.9,très bonne,DPE 3CL 2021 méthode logement,insuffisante,9785.4,Réseau de Chauffage urbain,13.0,91940,183.4,12965.7,11779.1,91692,0.0,,14033.7,2036-01-07,199.2,25/IMO/1747,11,0.0,,100.0,2.6,1489.3,638536.09,Réseau de chaleur isolé,Réseau de Chauffage urbain,2892.6,4 Residence Tournemire 91940 Les Ulis,1.0,68.7,601925,100.0,0.0,collectif,177.9,installation collective,1083.7,0.0,11.0,Réseau de chaleur isolé,très bonne,2970.6,0.0,Réseau de chaleur isolé,1.0,,200.4,,Radiateur monotube avec robinet thermostatique sur réseau collectif eau chaude haute température(sup ou egal 65°C),7062.8,Un seul système d'ECS sans solaire,Combiné au système de chauffage,,Lourde,17.4,Réseau de chaleur isolé,0.0,2.5,9785.4,Les Ulis,"48.68714803447946,2.1650170406959592",2025-08-14,appartement,1975-1977,collectif,1993.7,1993.7,1160.6,2026-01-08,C,91692_a107_00004,84.5,Réseau de Chauffage urbain,2.75,0.0,"Les Ulis, France",1993.7,C,Réseau de chaleur isolé,91,installation collective,,dpe appartement individuel,14 Residence Tournemire,1316.8,0.0,189.0,0.0,H1a,1993.7,183.4,0.0,9785.4,,359.1,chauffage + ecs,Residence Tournemire,insuffisante,Non affecté,inférieur à 400m,"14 Residence Tournemire 91940 Les Ulis, France",0.0,Réseau de Chauffage urbain,2691E0052034A,29896403355052,0.0,900.3,0.0,873.0,,6843324.46,Réseau de Chauffage urbain,91940,63.9,chauffage + ecs,,f9c5c778f3b292004b1ed1b5830b80bc4c5eb3ca893dddee799f3fbeaaa57011,0.0,0.0,0.0,0.0,266.0,0.0,Électricité,1186.7,1.0,100.0,76.9,5,,0.0,1.0,0.0,0.0,insuffisant,1.0,0.0,,,,,,réseau de chaleur ou de froid vertueux,2591E2626071K,,,,,,,,,,,,,,,,,,,,,,,,,,,,,,,,,,,,,existant,,,,,2277.0,5.73,20.17
,Installation de chauffage simple,1795.3,Ballon électrique à accumulation vertical Autres ou inconnue,,,,,427.6,,14.9,15.6,225.1,adresse non géocodée ban car aucune correspondance trouvée,0,419.8,200.0,2026-01-08,1476.6,141.8,,"Radiateur électrique NFC, NF** et NF*** (système individuel)",105.0,1795.3,insuffisante,2026-01-08,833.3,345.3,très bonne,DPE 3CL 2021 méthode logement,très bonne,1795.3,Électricité,4.6,,96.0,3563.7,3563.7,,0.0,,6771.0,2036-01-07,71.3,LPM120922-02(02),,150.0,,33.9,2.6,856.3,,"radiateur électrique NFC, NF** et NF***",Électricité,647.6,,1.0,28.5,828512,33.9,0.0,individuel,345.3,installation individuelle,256.8,0.0,7.0,"Electrique - Radiateur électrique à inertie (modélisé comme un radiateur NFC, NF** et NF***)",bonne,1104.6,0.0,"radiateur électrique NFC, NF** et NF***",1.0,,52.6,,"radiateur électrique NFC, NF** et NF***",1862.1,Un seul système d'ECS sans solaire,"Ballon électrique à accumulation vertical (autres catégorie ou inconnue), contenance ballon 150 L",,Lourde,4.1,Ballon électrique à accumulation vertical Autres ou inconnue,0.0,2.9,1795.3,,,2022-09-12,appartement,avant 1948,individuel,2805.5,1476.6,256.8,2026-01-08,B,,13.6,Électricité,0.3,0.0,BORDEAUX,1476.6,D,Electrique - Ballon électrique à accumulation vertical (autres catégorie ou inconnue),nan,installation individuelle,,dpe appartement individuel,"4 Rue Laboye
(étage 1 /appt 2: porte droite)",833.3,0.0,66.8,4.4,H2c,1476.6,96.0,0.0,3411.0,,126.9,chauffage,,insuffisante,Non affecté,inférieur à 400m,"4 Rue Laboye
(étage 1 /appt 2: porte droite) 33000 BORDEAUX",0.0,Électricité,2633E0049715P,29896403355057,0.0,141.8,5.9,419.8,,,Électricité,33000,14.4,ecs,,79aeb1b6337ffb30a26f5861ae23abeb7626881bdae85d6fd3031695572df0c5,,,,0.0,,1.0,,,1.0,33.9,,,,0.0,1.0,,,insuffisant,1.0,,,,,,,,,,,,,,,,,,,,,,,,,,,,,,,,,,,,,,,,,,,,,existant,,,,,,,
,Installation de chauffage simple,9278.8,Chaudière gaz à condensation 2001-2015,4,0.58,,,1152.9,,44.4,67.7,501.2,adresse géocodée ban à l'adresse,0,1029.3,122.6,2025-01-30,2060.4,2106.3,,"Chaudière individuelle gaz à condensation installée entre 2001 et 2015 régulée, avec programmateur avec réduit. Emetteur(s): radiateur bitube avec robinet thermostatique",116.0,9278.8,bonne,2025-01-30,1257.9,228.6,bonne,DPE 3CL 2021 méthode logement,très bonne,9278.8,Gaz naturel,13.4,31240,467.7,12035.3,11339.2,31488,25.2,,12661.8,2035-01-29,232.6,31240/25/01/1798,76,0.0,,103.2,2.4,1183.0,578605.92,Chaudière gaz à condensation 2001-2015,Gaz naturel,1573.5,4 Rue Marguerite Yourcenar 31240 Saint-Jean,,96.8,375816,103.2,11929.0,,228.6,installation individuelle,2574.0,0.0,25.0,Gaz Naturel - Chaudière gaz à condensation installée entre 2001 et 2015,très bonne,2517.2,0.0,Chaudière gaz à condensation 2001-2015,1.0,,174.0,,Radiateur bitube avec robinet thermostatique sur réseau individuel eau chaude basse ou moyenne température(inf 65°C),8194.1,Un seul système d'ECS sans solaire,Combiné au système de chauffage,,Légère,27.0,Chaudière gaz à condensation 2001-2015,0.0,2.6,9278.8,Saint-Jean,"43.6686660211182,1.495132008537766",2025-01-30,maison,2001-2005,,2060.4,2060.4,2619.5,2026-01-08,C,31488_0429_00004,20.0,Gaz naturel,0.4,0.0,ST JEAN,2060.4,C,Gaz Naturel - Chaudière gaz à condensation installée entre 2001 et 2015,31,installation individuelle,,dpe maison individuelle,4 Rue Marguerite Yourcenar,1499.6,0.0,194.9,9.0,H2c,2060.4,467.7,0.0,9278.8,,448.2,chauffage + ecs,Rue Marguerite Yourcenar,bonne,Non affecté,inférieur à 400m,4 Rue Marguerite Yourcenar 31240 ST JEAN,0.0,Gaz naturel,2531E0333731E,29896403355058,0.0,2106.3,10.3,1029.3,,6286670.99,Gaz naturel,31240,32.1,chauffage + ecs,,f3a159645eb9c90f24070a9dd958c9ce26a98c1fa04d196033984a68f3ce0cb3,0.0,0.0,0.0,0.0,241.7,1.0,Électricité,696.1,1.0,103.2,45.5,,2004.0,1.0,1.0,0.0,0.0,moyen,0.0,0.0,,,,,,panneaux solaires photovoltaïques,,Reprise RNB,1QVEVSY4F47H,,,,,,,,Solaire Photovoltaïque,1.0,103.2,VMC SF Auto réglable de 2001 à 2012,,,,28.8,24.0,,,,,,,,,,,,,,,,,,,existant,,,,,1857.1,6.93,22.63
,,,,,0.79,,64.0,419.7,,,22.0,182.5,adresse non géocodée ban car aucune correspondance trouvée,0,568.0,118.4,2021-07-01,0.0,246.3,,,62.3,3117.4,très bonne,2021-11-25,727.0,0.0,bonne,DPE 3CL 2021 méthode logement,bonne,,Électricité,8.3,50640,0.0,3990.2,3990.2,50591,,1.0,7581.5,2031-06-30,,,28,,,,1.1,,414242.05,,Non affecté,,Résidence le Verger 50640 Le Teilleul,1.0,,127972,,0.0,,0.0,,302.7,,4.0,,,,,,,,33.0,,,,,,,,,,0.0,2.5,3117.4,Le Teilleul,"48.535097029940204,-0.872225051135101",2021-07-01,maison,1983-1988,,0.0,0.0,256.0,2026-01-06,C,50591_A061,,,0.52,,LE TEILLEUL,,C,,50,,,dpe maison individuelle,Résidence le Verger,727.0,0.0,121.0,,,,0.0,0.0,7170.1,,278.2,,Résidence le Verger,bonne,,,Résidence le Verger50640 LE TEILLEUL,0.0,Électricité,2150E0774354U,29896403355069,,246.3,,568.0,,6833103.76,,50640,11.7,,,480bb51b0ed88c085d4520b2649821c13785756d15bc7e8e19985971567d6112,,,,,,,,,1.0,64.0,,,1985.0,,,,,,,,0.0,,,,très bonne,,,,,,,,,,,,,,,,,,,,,,,,,,,,,,,,,,,,,,,existant,,,,,2326.6,6.61,17.59
,Installation de chauffage simple,9759.6,Chaudière gaz à condensation 2001-2015,5,0.7,,1704.0,100.7,,1118.4,113.4,43.8,adresse non géocodée ban car aucune correspondance trouvée,1,675.2,172.5,2023-09-19,2021.6,1715.7,,Emission n°1,166.5,7558.1,moyenne,2023-10-04,855.8,180.6,insuffisante,DPE 3CL 2021 méthode logement,moyenne,9759.6,Gaz naturel,2.3,14100,458.9,9987.1,9579.6,14366,145.0,5.0,10353.9,2033-09-18,4966.3,,28,0.0,,60.0,2.3,33364.7,498856.53,Chaudière gaz à condensation 2001-2015,Gaz naturel,62345060.0,5 Allée du Parc 14100 Lisieux,27.0,1504.2,943929,2.2,0.0,mixte (collectif-individuel),180.6,installation individuelle,0.0,0.0,36.6,Chaudière gaz condensation entre 2001 et 2015,,55615800.0,0.0,Chaudière gaz à condensation 2001-2015,27.0,,150.9,,Radiateur bitube sans robinet thermostatique sur réseau individuel eau chaude haute température(sup ou egal 65°C),194699.3,Un seul système d'ECS sans solaire,Générateur mixte (chauffage + ecs),,Très lourde,1253.7,Chaudière gaz à condensation 2001-2015,0.0,2.5,7558.1,Lisieux,"49.1435510215139,0.2429020288287731",2023-09-19,appartement,1948-1974,individuel,2021.6,2021.6,2201.2,2026-01-09,D,14366_1087_00005,906.1,Gaz naturel,0.8,,LISIEUX,2052.5,D,,14,installation individuelle,,dpe appartement généré à partir des données DPE immeuble,1/3/5 ALLEE DU PARC,974.0,0.0,32.9,35.4,H1a,2052.5,0.0,0.0,7558.1,,75.7,chauffage + ecs,Allée du Parc,moyenne,Non affecté,inférieur à 400m,1/3/5 ALLEE DU PARC14100 LISIEUX,0.0,Gaz naturel,2314E3333378M,29896403355079,0.0,0.0,3.6,675.2,,6897264.05,Gaz naturel,14100,2.8,chauffage + ecs,,d6f364787d1bdecd701c6900af0d2817eaee6c1065aaa5807635c94505473c35,0.0,0.0,0.0,,264.3,,Électricité,76.7,1.0,60.0,5.1,1-Bâtiment C-16-0152.03.01.0016.DPE.20230919,1964.0,,,0.0,0.0,,,0.0,0.0,,2314E3332853H,,,,,Reprise RNB,M2SW75REEZ38,,,,,,,,Solaire Photovoltaïque,0.0,60.0,VMC SF Hygro B après 2012,,2010-2014,,,,,,,,,,,,,,,,,,,,,,existant,,,,,2247.7,6.76,18.08
Installation de chauffage simple,Installation de chauffage simple,3221.6,CET sur air ambiant (sur local non chauffé) après 2014,3,0.49,1730.8,,1326.3,1730.8,255.6,73.5,698.1,adresse géocodée ban à l'adresse,0,1063.2,74.0,2026-01-04,315.2,391.2,"PAC air/air installée à partir de 2015 avec programmateur pièce par pièce, réseau isolé (système individuel)","PAC air/eau installée à partir de 2017 avec programmateur pièce par pièce, réseau isolé (système individuel). Emetteur(s): radiateur bitube avec robinet thermostatique",39.0,4952.4,moyenne,2026-01-04,1466.7,67.7,insuffisante,DPE 3CL 2021 méthode logement,insuffisante,3221.6,Électricité,23.6,47300,20.5,6832.2,6832.2,47215,46.0,,12981.2,2036-01-03,560.9,25/DEER/6035,75,250.0,56.0,117.5,2.6,1495.0,517059.19,,Électricité,5069.5,3 Rue des Cosmonautes 47300 Pujols,,134.1,227159,173.5,0.0,,67.7,installation individuelle,513.6,192.6,2.0,Electrique - PAC air/eau installée à partir de 2017,très bonne,3937.2,1218.6,PAC air/eau installée après 2017,1.0,PAC air/air installée à partir de 2015,149.9,Soufflage d'air chaud (air soufflé) avec distribution par réseau aéraulique,Radiateur bitube avec robinet thermostatique sur réseau individuel eau chaude basse ou moyenne température(inf 65°C),19664.7,Un seul système d'ECS sans solaire,"Chauffe-eau thermodynamique sur air ambiant (sur local non chauffé) installé à partir de 2015, contenance ballon 250 L",Electrique - PAC air/air sans réseau de distribution installée à partir de 2015,Moyenne,23.6,,33.5,2.3,4952.4,Pujols,"44.392503031484566,0.7029809745323766",2026-01-02,maison,1948-1974,,598.9,315.2,513.6,2026-01-04,A,47215_0060_00003,84.7,Électricité,1.05,0.0,"Pujols, France",315.2,B,Electrique - Chauffe-eau thermodynamique sur air ambiant (sur local non chauffé) installé à partir de 2015,47,installation individuelle,installation individuelle,dpe maison individuelle,3 Rue des Cosmonautes,1466.7,524.2,342.4,11.9,H2c,315.2,20.5,112.5,9409.5,chauffage,650.6,chauffage,Rue des Cosmonautes,insuffisante,Non affecté,inférieur à 400m,"3 Rue des Cosmonautes 47300 Pujols, France",995.9,Électricité,2647E0006686E,29896403355081,1770.6,391.2,5.0,1063.2,Électricité,6368601.52,Électricité,47300,44.7,ecs,,605254633b31214446c5136e41c6c3e8462a4ea3c7f19a0dff8c3e099a503779,,,,0.0,,1.0,,,2.0,173.5,,,,0.0,1.0,,,insuffisant,0.0,,,,,,,Il existe plusieurs descriptifs ENR,,Logiciel,JDM6MANZ4DHT,Électricité,173.5,PAC air/air installée à partir de 2015,524.2,A partir de 2015,Refroidissement - Electrique - Pompe à chaleur air/air,,,,,,,A partir de 2015,,,,5.1,,,,,,,,,,,,,,,,,,existant,,,,,1860.0,6.84,22.2
,Installation de chauffage simple,3776.2,Ballon électrique à accumulation vertical Catégorie B ou 2 étoiles,51,0.82,,,849.3,,39.5,31.8,447.0,adresse géocodée ban à l'adresse,0,823.4,158.0,2026-01-06,1805.1,298.3,,"Panneau rayonnant électrique NFC, NF** et NF*** avec programmateur sans réduit (système individuel)",83.0,3776.2,bonne,2026-01-06,1403.9,393.6,très bonne,DPE 3CL 2021 méthode logement,moyenne,3776.2,Électricité,10.1,33000,117.3,6174.2,6174.2,33063,0.0,,11731.0,2036-01-05,130.5,2025/11818,75,150.0,,74.0,2.6,1184.3,418061.14,"Panneau rayonnant électrique NFC, NF** et NF***",Électricité,1078.3,51 Cours Victor Hugo 33000 Bordeaux,1.0,54.1,892302,74.0,0.0,individuel,393.6,installation individuelle,454.3,0.0,6.0,"Electrique - Panneau rayonnant électrique NFC, NF** et NF***",très bonne,2004.0,0.0,"Panneau rayonnant électrique NFC, NF** et NF***",1.0,,155.2,,"Panneau rayonnant NFC, NF** et NF***",3954.7,Un seul système d'ECS sans solaire,"Ballon électrique à accumulation vertical (catégorie B ou 2 étoiles), contenance ballon 150 L",,Légère,6.8,Ballon électrique à accumulation vertical Catégorie B ou 2 étoiles,0.0,2.5,3776.2,Bordeaux,"44.835654962321286,-0.5686819414570379",2026-01-06,appartement,avant 1948,individuel,3429.7,1805.1,454.3,2026-01-06,B,33063_9315_00051,24.2,Électricité,0.72,0.0,"Bordeaux, France",1805.1,C,Electrique - Ballon électrique à accumulation vertical (catégorie B ou 2 étoiles),33,installation individuelle,,dpe appartement individuel,51 Cours Victor Hugo,1403.9,0.0,145.9,0.0,H2c,1805.1,117.3,0.0,7174.8,,277.2,chauffage,Cours Victor Hugo,moyenne,Non affecté,inférieur à 400m,"51 Cours Victor Hugo 33000 Bordeaux, France",0.0,Électricité,2633E0027829V,29896403355084,0.0,298.3,6.0,823.4,,6421537.73,Électricité,33000,28.6,ecs,,ed463fdd95465a65e9aec86c7866a8ebaea4770189ef8400775a2a30142ef35c,,,,0.0,,0.0,,,1.0,74.0,,2eme étage,,0.0,1.0,,,insuffisant,0.0,,,,,,,,,Logiciel,CF597VQSE323,,,,,,,,,,,,,,,,,,,,,,,,,,,,,,,,,,,existant,,,,,1735.7,7.73,21.41
,Installation de chauffage simple,9169.2,Chaudière gaz standard 1991-2000,18,0.65,,,1401.1,,50.0,60.3,737.4,adresse géocodée ban à l'adresse,0,1017.7,148.0,2026-01-09,2130.3,2081.4,,Chaudière individuelle gaz  avec programmateur avec réduit. Emetteur(s): radiateur avec robinet thermostatique,138.0,9169.2,moyenne,2026-01-09,1254.1,236.4,très bonne,DPE 3CL 2021 méthode logement,bonne,9169.2,Gaz naturel,12.0,24000,483.6,12210.5,11299.5,24322,0.0,,13030.5,2036-01-08,193.7,DPE________108401811,75,0.0,,88.0,2.6,1271.6,520392.54,Chaudière gaz standard 1991-2000,Gaz naturel,2136.3,18 Rue de Vesone 24000 Périgueux,1.0,68.0,582382,88.0,0.0,individuel,236.4,installation individuelle,2565.0,0.0,29.0,Gaz Naturel - Chaudière gaz standard installée entre 1991 et 2000,moyenne,2302.6,0.0,Chaudière gaz standard 1991-2000,1.0,,256.0,,Radiateur monotube avec robinet thermostatique sur réseau individuel eau chaude haute température(sup ou egal 65°C),5968.1,Un seul système d'ECS sans solaire,Combiné au système de chauffage,,Moyenne,25.9,Chaudière gaz standard 1991-2000,0.0,2.5,9169.2,Périgueux,"45.176287028441244,0.713185052138866",2026-01-09,appartement,1989-2000,individuel,2130.3,2130.3,2624.2,2026-01-09,C,24322_4220_00018,22.1,Gaz naturel,0.48,0.0,PERIGUEUX,2130.3,C,Gaz Naturel - Chaudière gaz standard installée entre 1991 et 2000,24,installation individuelle,,dpe appartement individuel,18 Rue de Vesone,1570.4,0.0,173.6,17.8,H2c,2130.3,483.6,0.0,9169.2,,329.9,chauffage + ecs,Rue de Vesone,moyenne,Non affecté,inférieur à 400m,18 Rue de Vesone 24000 PERIGUEUX,0.0,Gaz naturel,2624E0060261W,29896403355096,0.0,2081.4,10.0,1017.7,,6455598.8,Gaz naturel,24000,47.2,chauffage + ecs,,83f0314336b7390c8b0059ffe4743f00ce354074ea87d51339f148f00905c101,0.0,0.0,0.0,0.0,316.3,1.0,Électricité,911.0,2.0,88.0,59.2,Logement n°11,,1.0,1.0,0.0,0.0,moyen,0.0,0.0,,,,,,,,Logiciel,8XBYTY9G28H5,,,,,,,,,,,,,,,,,,,,,,,,,,,,,,,,,,,existant,,,,,1986.3,6.59,21.02
,Installation de chauffage simple,9612.2,Chauffe-eau gaz à production instantanée après 2015,,,,1048.0,356.2,,69.6,39.9,187.5,adresse non géocodée ban car aucune correspondance trouvée,0,1094.0,194.0,2026-01-09,1639.6,2182.0,,Installation de chauffage seul classique,190.0,9612.2,bonne,2026-01-09,1309.1,215.1,très bonne,DPE 3CL 2021 méthode logement,insuffisante,9612.2,Gaz naturel,7.9,,372.2,11554.2,11251.8,,0.0,,11826.4,2036-01-08,164.8,,,0.0,,60.8,2.6,1219.9,,Chaudière gaz à condensation après 2015,Gaz naturel,1057261.8,,1.0,53.1,889251,60.8,0.0,collectif,215.1,installation individuelle,14.6,0.0,42.0,Générateur 1,,2003033.6,0.0,Chaudière gaz à condensation après 2015,1.0,,65.1,,Radiateur bitube sans robinet thermostatique sur réseau collectif eau chaude basse ou moyenne température(inf 65°C),7101.5,Un seul système d'ECS sans solaire,Installation ECS 1,,Très lourde,24.5,Chauffe-eau gaz à production instantanée après 2015,0.0,2.8,9612.2,,,2026-01-08,appartement,1948-1974,individuel,1639.6,1639.6,2574.1,2026-01-09,D,,14.2,Gaz naturel,2.11,1.0,SAINT GERMAIN EN LAYE,1639.6,D,Générateur Ecs 1,nan,installation collective,,dpe appartement individuel,5 BIS RUE DE TOURVILLE,1414.1,0.0,114.9,0.0,H1a,1639.6,2.1,0.0,9612.2,,218.4,chauffage,,insuffisante,Non affecté,inférieur à 400m,5 BIS RUE DE TOURVILLE 78100 SAINT GERMAIN EN LAYE,0.0,Gaz naturel,2678E0063567C,29896403355104,0.0,12.5,3.3,1094.0,,,Gaz naturel,78100,12.0,ecs,,32d6886d541625bd153f202e367037d108f0ac5caf3f9a6f5e73dc8f99ef9890,0.0,0.0,187.5,1.0,39.9,1.0,Électricité,302.4,1.0,60.8,0.4,GAUCHE,1965.0,1.0,1.0,0.0,0.2,bon,1.0,0.0,,,,,très bonne,,,,,,,,,,,,,,,,,,,,,,,,,,,,,,,,,,,,,,,existant,,,,,,,
,Installation de chauffage avec insert ou poêle bois en appoint,32704.0,Chaudière gaz basse température 2001-2015,358,0.57,,,603.1,,160.3,61.6,317.4,adresse géocodée ban à l'adresse,0,2617.5,375.0,2026-01-04,2196.5,5003.3,,Chaudière individuelle gaz basse température installée entre 2001 et 2015 avec en appoint un insert installé avant 1990 réseau isolé. Emetteur(s): radiateur bitube avec robinet thermostatique,370.0,20417.1,moyenne,2026-01-04,2327.6,226.1,insuffisante,DPE 3CL 2021 méthode logement,insuffisante,20417.1,Gaz naturel,12.2,71410,498.6,35395.4,22613.6,71499,125.3,,35840.8,2036-01-03,519.9,25PRIMALOT2702,27,0.0,,95.4,2.6,1248.2,798159.49,,Gaz naturel,2920.3,358 Rue de Toulon 71410 Sanvignes-les-Mines,,103.1,674623,95.4,0.0,,226.1,installation individuelle,5133.3,0.0,57.0,Gaz Naturel - Chaudière gaz basse température installée entre 2001 et 2015,insuffisante,2465.1,0.0,Chaudière gaz basse température 2001-2015,1.0,,110.2,,Poêle bois,24933.7,Un seul système d'ECS sans solaire,Combiné au système de chauffage,,Moyenne,39.1,,0.0,2.5,32704.0,Sanvignes-les-Mines,"46.66384698197525,4.283870037243851",2025-12-31,maison,1948-1974,,2196.5,2196.5,5534.5,2026-01-04,E,71499_0770_00358,43.9,Gaz naturel,1.34,0.0,"Sanvignes-les-Mines, France",2196.5,F,Gaz Naturel - Chaudière gaz basse température installée entre 2001 et 2015,71,installation individuelle,,dpe maison individuelle,358 Rue de Toulon,3015.5,0.0,177.5,28.0,H1c,2196.5,498.6,0.0,32704.0,,337.2,chauffage + ecs,Rue de Toulon,insuffisante,Non affecté,inférieur à 400m,"358 Rue de Toulon 71410 Sanvignes-les-Mines, France",0.0,Gaz naturel,2671E0006693J,29896403355105,0.0,4634.7,20.2,2101.5,,6618994.42,Gaz naturel,71410,20.3,chauffage + ecs,,780ee4aff7a3fd19b03cf849a0147f4ca8aa970e2898d40ddf78e0c8e3b30a61,0.0,0.0,12286.8,0.0,516.0,1.0,Bois – Bûches,12286.8,1.0,95.4,368.6,,1973.0,0.0,1.0,0.0,368.6,insuffisant,0.0,516.0,,,,,,chauffage au bois,,,,,,,,,,,,,,,,,,,,,0.0,Bois - Insert installé avant 1990,0.0,0.0,171.8,chauffage,Électricité,494.9,insert installé avant 1990,Bois – Bûches,32.6,0.0,0.0,12286.8,0.0,,,existant,,,,,2248.5,4.98,21.75
Installation de chauffage simple,Installation de chauffage simple,2639.3,Ballon électrique à accumulation vertical Catégorie B ou 2 étoiles,,0.56,2639.3,563.7,492.3,2639.3,158.1,23.0,214.0,adresse géocodée ban à l'adresse,1,400.3,129.1,2023-11-30,2065.2,175.8,"Convecteur électrique NFC, NF** et NF*** avec programmateur avec réduit (système individuel)","Convecteur électrique NFC, NF** et NF*** avec programmateur avec réduit (système individuel)",67.0,2225.1,très bonne,2023-11-30,839.6,371.6,bonne,DPE 3CL 2021 méthode logement,bonne,2639.3,Électricité,8.8,49450,134.2,4632.0,4632.0,49301,38.6,3.0,8800.9,2033-11-29,843.6,MA2207091512,52,150.0,187.9,187.9,2.3,10713.1,391779.76,"Convecteur électrique NFC, NF** et NF***",Électricité,12126.8,Rue de l'Église (Roussay) 49450 Sèvremoine,9.0,314.7,311462,187.9,2062.2,individuel,371.6,installation individuelle,332.5,0.0,4.0,"Electrique - Convecteur électrique NFC, NF** et NF***",très bonne,17895.3,0.0,"Convecteur électrique NFC, NF** et NF***",1.0,"Convecteur électrique NFC, NF** et NF***",44.8,"Convecteur électrique NFC, NF** et NF***","Convecteur électrique NFC, NF** et NF***",24367.5,Un seul système d'ECS sans solaire,"Ballon électrique à accumulation vertical (catégorie B ou 2 étoiles), contenance ballon 150 L","Electrique - Convecteur électrique NFC, NF** et NF***",Légère,217.4,Ballon électrique à accumulation vertical Catégorie B ou 2 étoiles,0.0,2.5,2225.1,Sèvremoine,"47.090870035606365,-1.0648800467912176",2023-11-29,appartement,2006-2012,individuel,4749.9,2065.2,332.5,2026-01-06,A,49301_1707,94.0,Électricité,0.5,0.0,SEVREMOINE,2073.4,C,Electrique - Ballon électrique à accumulation vertical (catégorie B ou 2 étoiles),49,installation individuelle,installation individuelle,dpe appartement généré à partir des données DPE immeuble,"72 RUE CHOLETAISE
ETS CHOLETAISE",839.6,0.0,127.7,13.9,H2b,2073.4,134.2,0.0,5117.8,chauffage,293.7,chauffage,Rue de l'Église (Roussay),bonne,Non affecté,inférieur à 400m,"72 RUE CHOLETAISE
ETS CHOLETAISE 49450 SEVREMOINE",0.0,Électricité,2349E4107362L,29896403355113,0.0,175.8,6.8,400.3,Électricité,6673559.01,Électricité,49450,13.7,ecs,,44587257c8d6e8970f6c9c9af4ddf099a1c3803a2ac0b233600d4cefd475117e,,,,,,,,,1.0,68.1,,1620-0015,,,,,,,,,1.0,,2349E4107286N,,,panneaux solaires photovoltaïques,2349E4107059U,,,,,,,,,,Solaire Photovoltaïque,1.0,563.7,VMC SF Hygro B après 2012,,,,48.7,,,,,,,,,,,,,,,,,,,,existant,,,,,2042.9,6.82,20.2
,Installation de chauffage simple,5458.6,Ballon électrique à accumulation vertical Autres ou inconnue,32,0.73,,,0.0,,62.8,17.6,0.0,adresse géocodée ban à l'adresse,0,1168.2,309.0,2026-01-08,1559.9,431.2,,"Radiateur électrique NFC, NF** et NF*** avec programmateur pièce par pièce (système individuel)",162.0,5458.6,bonne,2026-01-08,1519.7,333.9,très bonne,DPE 3CL 2021 méthode logement,moyenne,5458.6,Électricité,5.7,75018,101.4,7100.9,7100.9,75118,0.0,,13491.8,2036-01-07,138.8,060126.13799,11,80.0,,43.6,2.6,1067.2,652217.07,"radiateur électrique NFC, NF** et NF***",Électricité,265.3,32 Rue Eugène Süe 75018 Paris,1.0,49.8,759202,43.6,0.0,individuel,333.9,installation individuelle,538.3,0.0,12.0,"Electrique - Radiateur électrique à inertie (modélisé comme un radiateur NFC, NF** et NF***)",très bonne,1409.2,0.0,"radiateur électrique NFC, NF** et NF***",1.0,,0.0,,"radiateur électrique NFC, NF** et NF***",6231.6,Un seul système d'ECS sans solaire,"Ballon électrique à accumulation vertical (autres catégorie ou inconnue), contenance ballon 80 L",,Moyenne,12.0,Ballon électrique à accumulation vertical Autres ou inconnue,0.0,2.6,5458.6,Paris,"48.891459971807365,2.3483300483294514",2026-01-08,appartement,avant 1948,individuel,2963.8,1559.9,538.3,2026-01-08,C,75118_3440_00032,12.3,Électricité,0.7,0.0,PARIS,1559.9,E,Electrique - Ballon électrique à accumulation vertical (autres catégorie ou inconnue),75,installation individuelle,,dpe appartement individuel,32 Rue Eugène Süe,1519.7,0.0,82.4,0.0,H1a,1559.9,101.4,0.0,10371.3,,156.6,chauffage,Rue Eugène Süe,insuffisante,Non affecté,inférieur à 400m,32 Rue Eugène Süe 75018 PARIS,0.0,Électricité,2675E0046936I,29896403355117,0.0,431.2,1.9,1168.2,,6865913.78,Électricité,75018,0.0,ecs,,7b21844b6ce330c5625f61789d2480613071ff29ed2e0270b530a082c66f324d,,,,0.0,,0.0,,,1.0,43.6,,4ème étage à gauche,,0.0,1.0,,,insuffisant,0.0,,,,,,,,,,,,,,,,,,,,,,,,,,,,,,,,,,,,,,,,,,,AC5518204,,existant,,,,,2272.0,5.79,19.98
,Installation de chauffage simple,4155.3,Chaudière gaz à condensation après 2015,20,0.79,,,652.5,,16.0,43.1,343.4,adresse géocodée ban à l'adresse,0,525.7,103.0,2026-01-07,1597.8,943.2,,"Chaudière individuelle gaz à condensation installée à partir de 2016 régulée, avec programmateur avec réduit. Emetteur(s): radiateur bitube avec robinet thermostatique",96.0,4155.3,très bonne,2026-01-07,727.8,202.1,très bonne,DPE 3CL 2021 méthode logement,bonne,4155.3,Gaz naturel,8.6,44300,362.7,6220.6,5753.0,44109,11.8,,6641.3,2036-01-06,100.8,LNH_P2_52_0555_01_01_0001_DDTLL,52,0.0,,64.3,2.6,1201.5,358620.37,Chaudière gaz à condensation après 2015,Gaz naturel,430.2,20 Route de Carquefou 44300 Nantes,1.0,31.3,283681,64.3,0.0,individuel,202.1,installation individuelle,1305.9,0.0,20.0,Gaz Naturel - Chaudière gaz à condensation installée à partir de 2016,très bonne,2028.7,0.0,Chaudière gaz à condensation après 2015,1.0,,119.2,,Radiateur bitube avec robinet thermostatique sur réseau individuel eau chaude basse ou moyenne température(inf 65°C),3525.5,Un seul système d'ECS sans solaire,Combiné au système de chauffage,,Moyenne,18.1,Chaudière gaz à condensation après 2015,0.0,2.5,4155.3,Nantes,"47.26151399979955,-1.5169540519282882",2024-09-26,appartement,2013-2021,individuel,1597.8,1597.8,1336.5,2026-01-07,C,44109_1452_00020,20.7,Gaz naturel,0.47,0.0,NANTES,1597.8,C,Gaz Naturel - Chaudière gaz à condensation installée à partir de 2016,44,installation individuelle,,dpe appartement individuel,"ENTREVUE
Bâtiment 1 - Escalier 1
20 ROUTE de Carquefou
RDC - PORTE 1",890.2,0.0,124.1,0.0,H2b,1597.8,362.7,0.0,4155.3,,235.7,chauffage + ecs,Route de Carquefou,très bonne,Non affecté,inférieur à 400m,"ENTREVUE
Bâtiment 1 - Escalier 1
20 ROUTE de Carquefou
RDC - PORTE 1 44300 NANTES",0.0,Gaz naturel,2644E0039039K,29896403355120,0.0,943.2,2.9,525.7,,6694345.12,Gaz naturel,44300,22.0,chauffage + ecs,,cbea16e844319def514513818988b4c5bea87bdc60712683e3fe3e242a075ca1,0.0,0.0,0.0,0.0,162.3,0.0,Électricité,467.5,1.0,64.3,30.5,,2020.0,1.0,1.0,0.0,0.0,moyen,0.0,0.0,,,,,,,,,,,,,,,,,,,,,,,,,,,,,,,,,,,,,,,,,,,,existant,,,,,1944.7,7.39,19.8
,Installation de chauffage simple,579407.6,Réseau de chaleur non isolé,1,0.96,,4097.3,129.4,,2909.7,52.8,68.1,adresse non géocodée ban car aucune correspondance trouvée,0,971.4,209.0,2026-01-07,4815.5,370.2,,Réseau de chaleur vertueux non isolé avec équipement d'intermittence central collectif. Emetteur(s): plancher chauffant,206.0,10888.8,très bonne,2026-01-07,1401.0,429.6,insuffisante,DPE 3CL 2021 méthode logement,insuffisante,579407.6,Réseau de Chauffage urbain,10.5,33310,163.7,15924.3,15704.2,33249,646.0,5.0,16122.3,2036-01-06,12386.2,002EW370701,75,0.0,,4097.3,2.6,69673.8,422628.75,Réseau de chaleur non isolé,Réseau de Chauffage urbain,135101.0,1 Rue Elisee Reclus 33310 Lormont,61.0,3538.5,229277,4097.3,0.0,collectif,429.6,installation collective,533.9,0.0,7.0,Réseau de chaleur non isolé,,113448.4,0.0,Réseau de chaleur non isolé,1.0,,15.9,,Plancher chauffant sur réseau collectif eau chaude haute température(sup ou egal 65°C),418042.2,Un seul système d'ECS sans solaire,Combiné au système de chauffage,,Légère,1576.7,Réseau de chaleur non isolé,0.0,2.5,10888.8,Lormont,"44.87169000094878,-0.5130829687651258",2024-10-14,appartement,1948-1974,collectif,4815.5,4815.5,548.8,2026-01-07,B,33249_0271_00001,1508.8,Réseau de Chauffage urbain,2.11,0.0,LORMONT,276483.4,D,Réseau de chaleur non isolé,33,installation collective,,dpe appartement généré à partir des données DPE immeuble,1 Rue Elisee Reclus,1469.6,0.0,151.9,2197.5,H2c,276483.4,163.7,0.0,10888.8,,288.7,chauffage + ecs,Rue Elisee Reclus,insuffisante,Non affecté,inférieur à 400m,1 Rue Elisee Reclus 33310 LORMONT,0.0,Réseau de Chauffage urbain,2633E0030346Q,29896403355121,0.0,370.2,9.0,971.4,,6425339.2,Réseau de Chauffage urbain,33310,4.4,chauffage + ecs,,2296f77c56667d6affc6a53d3f84109a3eded50f08737983bcbc65bb26ec5d98,0.0,0.0,0.0,,68.6,,Électricité,220.0,1.0,77.0,14.8,0788,,,,0.0,0.0,,,0.0,1.0,,2633E0030219T,,insuffisante,réseau de chaleur ou de froid vertueux,,,,,,,,,,,,,,,,,,,,,,,,,,,,,,,,,,,,,,existant,,,,,1735.7,7.73,21.41
,Installation de chauffage simple,158529.7,Réseau de chaleur isolé,,,,2819.0,1505.3,,239.1,65.0,792.3,adresse non géocodée ban car aucune correspondance trouvée,0,496.7,107.0,2026-01-06,3167.6,1013.3,,"Réseau de chaleur vertueux isolé régulée, avec équipement d'intermittence central collectif, réseau isolé. Emetteur(s): radiateur bitube sans robinet thermostatique",98.0,5567.4,moyenne,2026-01-06,779.2,282.6,insuffisante,DPE 3CL 2021 méthode logement,insuffisante,158529.7,Réseau de Chauffage urbain,12.9,,576.5,9714.3,8734.9,,159.6,6.0,10595.7,2036-01-05,3730.9,c1453172,,0.0,,2819.0,2.6,49850.1,,Réseau de chaleur isolé,Réseau de Chauffage urbain,55246.2,,38.0,1670.5,74608,2819.0,0.0,collectif,282.6,installation collective,1589.8,0.0,16.0,Réseau de chaleur isolé,,88662.4,0.0,Réseau de chaleur isolé,1.0,,259.5,,Radiateur bitube sans robinet thermostatique sur réseau collectif eau chaude basse ou moyenne température(inf 65°C),109476.1,Un seul système d'ECS sans solaire,Combiné au système de chauffage,,Lourde,426.4,Réseau de chaleur isolé,0.0,2.5,5567.4,,,2025-07-25,appartement,1978-1982,collectif,3167.6,3167.6,1653.4,2026-01-06,C,,811.4,Réseau de Chauffage urbain,0.93,0.0,PARIS,106517.2,C,Réseau de chaleur isolé,nan,installation collective,,dpe appartement généré à partir des données DPE immeuble,FIRMIN GEMIER-LAGILLE - Bat : 04 - 4 rue Firmin Gémier,1103.7,0.0,187.1,361.5,H1a,106517.2,576.5,0.0,5567.4,,355.5,chauffage + ecs,,très bonne,Non affecté,inférieur à 400m,FIRMIN GEMIER-LAGILLE - Bat : 04 - 4 rue Firmin Gémier 75018 PARIS,0.0,Réseau de Chauffage urbain,2675E0018872Y,29896403355122,0.0,1013.3,62.4,496.7,,,Réseau de Chauffage urbain,75018,50.7,chauffage + ecs,,d938a22336e3505e9500bc8e1495d08de319df66326753b0d300a7ccf6c47871,0.0,0.0,0.0,,324.5,,Électricité,979.4,1.0,99.0,63.6,Lot : 091355 - Porte : 0156 - Etage : 2 - Adresse : 4 rue Firmin Gémier,,,,0.0,0.0,,,0.0,0.0,,2675E0018846Y,,insuffisante,réseau de chaleur ou de froid vertueux,,,,,,,,,,,,,,,,,,,,,,,,,,,,,,,,,,,,,,existant,,,,,,,
,Installation de chauffage simple,3764.1,Ballon électrique à accumulation vertical Catégorie B ou 2 étoiles,14,0.81,,1452.0,0.0,,377.4,145.2,0.0,adresse non géocodée ban car aucune correspondance trouvée,1,1146.1,234.6,2023-12-22,2246.9,541.8,,Emission n°1,123.5,6858.5,moyenne,2024-01-03,1666.8,375.5,bonne,DPE 3CL 2021 méthode logement,insuffisante,3764.1,Électricité,1.7,80100,146.0,9634.5,9129.7,80001,99.1,3.0,18305.5,2033-12-21,2824.7,,32,200.0,,78.0,2.3,29227.1,615911.12,,Électricité,32738380.0,14 Quai de la Pointe 80100 Abbeville,24.0,730.7,256232,3.3,0.0,mixte (collectif-individuel),375.5,installation individuelle,147.7,0.0,9.2,Generateur Effet joule,,47890110.0,0.0,"Convecteur électrique NFC, NF** et NF***",24.0,,0.0,,"Convecteur électrique NFC, NF** et NF***",96605.0,Un seul système d'ECS sans solaire,ECS Electrique,,Lourde,225.2,,0.0,2.5,6858.5,Abbeville,"50.10969702260197,1.8256619967667993",2023-11-28,appartement,1989-2000,individuel,5167.8,2246.9,722.5,2026-01-02,B,80001_1600_00014,605.7,Électricité,1.15,,Abbeville,2108.6,D,,80,installation individuelle,,dpe appartement généré à partir des données DPE immeuble,14 Quai de la Pointe,1610.0,0.0,24.3,786.6,H1a,2108.6,146.0,0.0,15774.6,,55.8,chauffage,Quai de la Pointe,moyenne,Non affecté,inférieur à 400m,14 Quai de la Pointe80100 Abbeville,0.0,Électricité,2380E4528531L,29896403355125,0.0,0.0,0.0,1146.1,,7001894.05,Électricité,80100,0.0,ecs,,d555f73e73c3df2bcf7b6e5fa0ec29cb962064b0a1245b78d79bb7e85b034dd2,,,,,,,,,1.0,78.0,,1-Bâtiment C-10-Appartement n° 38,1996.0,,,,,,,,0.0,,2380E4528515V,,,,,,,,,,,,,RDC,Solaire Photovoltaïque,0.0,78.0,VMC Basse pression Hygro B,T1,Avant 2010,"BAT C
-APPT 29 A 52",,,,,,,,,,,,,,,,,,,,,existant,,,,,2446.6,5.53,18.57
,Installation de chauffage avec en appoint un insert ou poêle bois et un chauffage électrique dans la salle de bain (différent du chauffage principal),14727.9,Ballon électrique à accumulation horizontal,14,0.81,,,600.8,,29.5,39.5,316.2,adresse non géocodée ban car aucune correspondance trouvée,0,2293.0,285.0,2026-01-07,2381.2,941.0,,"Chaudière individuelle électrique avec en appoint un poêle à bois (bûche) installé à partir de 2005 sans label flamme verte et dans la salle de bain un radiateur électrique à fluide caloporteur (modélisé comme un radiateur NFC, NF** et NF***). Emetteur(s): radiateur bitube avec robinet thermostatique",171.0,10187.8,bonne,2026-01-07,2698.5,491.4,insuffisante,DPE 3CL 2021 méthode logement,très bonne,9149.8,Électricité,13.2,43700,154.8,17616.8,13076.7,43041,28.1,,29385.8,2036-01-06,218.4,DIA-DNR01-2512-034,84,150.0,,103.0,2.6,1377.8,773126.26,Chaudière électrique,Électricité,1594.8,14 Rue du Pont Vieux 43700 Brives-Charensac,,102.6,170085,103.0,0.0,,491.4,installation individuelle,993.1,0.0,10.0,Electrique - Chaudière électrique,,3103.5,0.0,Chaudière électrique,1.0,,65.3,,Radiateur bitube avec robinet thermostatique sur réseau individuel eau chaude haute température(sup ou egal 65°C),11611.9,Un seul système d'ECS sans solaire,"Ballon électrique à accumulation horizontal, contenance ballon 150 L",,Légère,21.2,Ballon électrique à accumulation horizontal,0.0,2.7,14727.9,Brives-Charensac,"45.04722998990371,3.9288100108642015",2025-12-23,maison,avant 1948,,4524.2,2381.2,1129.3,2026-01-07,B,43041_0320_00014,18.5,Électricité,0.34,0.0,BRIVES CHARENSAC,2381.2,E,Electrique - Ballon électrique à accumulation horizontal,43,installation individuelle,,dpe maison individuelle,12-14 Rue du Pont Vieux,2889.2,0.0,191.6,9.9,H1c,2381.2,154.8,0.0,23896.9,,364.0,chauffage,Rue du Pont Vieux,très bonne,Non affecté,400-800m,12-14 Rue du Pont Vieux 43700 BRIVES CHARENSAC,0.0,Électricité,2643E0035134E,29896403355126,0.0,804.8,8.6,2102.4,,6439094.63,Électricité,43700,20.2,ecs,,ec2ffecfe6ac9f581feeab43323827e3af738f451734f3616104db3cb0e7e87f,0.0,0.0,4540.1,0.0,190.7,1.0,Bois – Bûches,4540.1,2.0,103.0,136.2,,,0.0,1.0,0.0,136.2,insuffisant,0.0,190.7,,,,,,chauffage au bois,,,,,,,,,,,,,,,,,,,,,,Bois - Poêle à bois (bûche) installé à partir de 2005 sans label flamme verte,,,,chauffage,,,Poêle bûche installé à partir de 2005 sans label flamme verte,Bois – Bûches,,,,4540.1,,,très bonne,existant,,,,,2667.3,4.09,19.7
,Installation de chauffage simple,1687.4,Ballon électrique à accumulation vertical Catégorie B ou 2 étoiles,,,,,0.0,,19.5,35.0,0.0,adresse non géocodée ban car aucune correspondance trouvée,0,380.0,102.0,2025-06-10,2045.9,133.3,,Emission n°1,53.7,1687.4,insuffisante,2025-06-10,1003.0,460.0,moyenne,DPE 3CL 2021 méthode logement,bonne,1687.4,Électricité,10.8,,133.0,4459.5,4459.5,,34.0,2.0,8473.1,2035-06-09,190.7,,,200.0,,83.0,2.4,1163.2,,PAC air/air installée à partir de 2015,Électricité,4137011.0,,1.0,65.8,731904,83.0,0.0,,460.0,installation individuelle,313.6,0.0,3.0,PAC AIR/AIR,,2571498.0,0.0,PAC air/air installée à partir de 2015,1.0,,0.0,,Soufflage d'air chaud sans réseau de distribution (ventiloconvecteur éléctrique),5397.6,Un seul système d'ECS sans solaire,"ECS Electrique, Volume du ballon 200 L",,Lourde,9.0,Ballon électrique à accumulation vertical Catégorie B ou 2 étoiles,0.0,2.5,1687.4,,,2025-06-10,maison,avant 1948,,4705.5,2045.9,249.0,2026-01-10,A,,47.4,Électricité,0.59,,PLOUMILLIAU,2045.9,B,,nan,installation individuelle,,dpe maison individuelle,19 Rue Cosquer Izellan,1003.0,0.0,156.9,9.2,H2a,2045.9,133.0,0.0,3880.9,,360.8,chauffage,,très bonne,Non affecté,inférieur à 400m,19 Rue Cosquer Izellan 22300 PLOUMILLIAU,0.0,Électricité,2522E1892426Q,29896403355136,0.0,133.3,5.9,380.0,,,Électricité,22300,0.0,ecs,,9dece089f47f2fe2ccc51ecbcebc26f3e544e9cea20841c73a2b5f7d25e67852,,,,0.0,,1.0,,,2.0,83.0,,2-Logement annexe-1-LogZone,1850.0,0.0,1.0,,,insuffisant,0.0,,0.0,,,,,pompe à chaleur,,,,,,,,,,,Solaire Photovoltaïque,0.0,83.0,Ventilation mécanique sur conduit existant avant 2013,,A partir de 2015,,,,,,,,,,,,,,,,,,,,,très bonne,existant,,,,,,,
,Installation de chauffage simple,24552.2,Chaudière gaz à condensation 2001-2015,3,0.53,,,490.1,,201.1,72.2,257.9,adresse géocodée ban à l'adresse,0,2492.7,257.0,2026-01-05,2837.8,5573.4,,"Chaudière individuelle gaz à condensation installée entre 2001 et 2015 avec programmateur avec réduit, réseau isolé. Emetteur(s): radiateur bitube avec robinet thermostatique",253.0,24552.2,très bonne,2026-01-05,2780.8,288.1,insuffisante,DPE 3CL 2021 méthode logement,insuffisante,24552.2,Gaz naturel,14.3,29600,644.2,27855.9,27390.1,29207,26.9,,28275.1,2036-01-04,477.2,DIA-CAI05-2512-031,53,42.0,,110.0,2.6,1290.7,198909.68,,Gaz naturel,2810.4,3 Impasse Kervéleyen Vihan 29600 Plourin-lès-Morlaix,,135.0,192605,110.0,0.0,,288.1,installation individuelle,6217.5,0.0,56.0,Gaz Naturel - Chaudière gaz à condensation installée entre 2001 et 2015,insuffisante,3236.6,0.0,Chaudière gaz à condensation 2001-2015,1.0,,89.6,,Radiateur bitube avec robinet thermostatique sur réseau individuel eau chaude haute température(sup ou egal 65°C),21528.3,Un seul système d'ECS sans solaire,"Combiné au système de chauffage, contenance ballon 42 L",,Lourde,33.5,,0.0,2.6,24552.2,Plourin-lès-Morlaix,"48.53083100849584,-3.7952439409130707",2026-01-05,maison,1948-1974,,2837.8,2837.8,6248.4,2026-01-05,E,29207_1210_00003,21.7,Gaz naturel,1.08,0.0,PLOURIN LES MORLAIX,2837.8,E,Gaz Naturel - Chaudière gaz à condensation installée entre 2001 et 2015,29,installation individuelle,,dpe maison individuelle,3 Impasse de Kerveleyen Vihan,2942.5,0.0,207.9,53.9,H2a,2837.8,644.2,0.0,24552.2,,395.0,chauffage + ecs,Impasse Kervéleyen Vihan,insuffisante,Non affecté,inférieur à 400m,3 Impasse de Kerveleyen Vihan 29600 PLOURIN LES MORLAIX,0.0,Gaz naturel,2629E0014624U,29896403355139,0.0,5573.4,5.1,2492.7,,6847195.9,Gaz naturel,29600,16.5,chauffage + ecs,,18f826f39227d5da6cadb2013cee45b228348a29f3d41e8e157847cae6c22915,0.0,0.0,0.0,0.0,161.7,0.0,Électricité,465.8,2.0,110.0,30.9,,1970.0,0.0,1.0,0.0,0.0,insuffisant,1.0,0.0,,,,,,,,,,,,,,,,,,,,,,,,,,,,,,,,,,,,,,,,,,,,existant,,,,,2060.5,8.37,16.92
Installation de chauffage simple,Installation de chauffage simple,3310.5,Chaudière gaz standard 2001-2015,,0.48,817.7,,500.6,817.7,83.7,47.0,263.5,adresse géocodée ban à l'adresse,0,673.6,95.0,2026-01-09,1895.3,816.1,PAC air/air installée à partir de 2015 (système individuel),Chaudière individuelle gaz standard installée entre 2001 et 2015. Emetteur(s): radiateur bitube avec robinet thermostatique,80.0,3310.5,bonne,2026-01-09,675.9,246.1,très bonne,DPE 3CL 2021 méthode logement,bonne,3310.5,Gaz naturel,10.9,13380,430.2,6660.5,5205.8,13075,0.0,,7969.7,2036-01-08,189.2,26/IMO/3026,93,0.0,42.0,41.1,2.6,1156.6,899725.95,PAC air/air installée à partir de 2015,Gaz naturel,1781.4,Résidence Village Sud 13380 Plan-de-Cuques,1.0,48.6,752732,83.1,0.0,individuel,246.1,installation individuelle,1181.7,229.1,15.0,Gaz Naturel - Chaudière gaz standard installée entre 2001 et 2015,très bonne,1876.2,1290.1,Chaudière gaz standard 2001-2015,1.0,PAC air/air installée à partir de 2015,78.5,Soufflage d'air chaud (air soufflé) avec distribution par réseau aéraulique,Radiateur bitube avec robinet thermostatique sur réseau individuel eau chaude haute température(sup ou egal 65°C),4287.3,Un seul système d'ECS sans solaire,Combiné au système de chauffage,Electrique - PAC air/air sans réseau de distribution installée à partir de 2015,Lourde,31.8,Chaudière gaz standard 2001-2015,13.8,2.5,4128.2,Plan-de-Cuques,"43.345398018973974,5.462276017707372",2026-01-09,appartement,1978-1982,individuel,1895.3,1895.3,1287.9,2026-01-09,C,13075_fzcww1,25.1,Gaz naturel,0.55,0.0,PLAN DE CUQUES,1895.3,C,Gaz Naturel - Chaudière gaz standard installée entre 2001 et 2015,13,installation individuelle,installation individuelle,dpe appartement individuel,Résidence Village sud 1,1109.6,215.9,157.6,0.0,H3,1895.3,430.2,64.4,4864.2,chauffage,299.4,chauffage + ecs,Résidence Village Sud,insuffisante,Non affecté,inférieur à 400m,Résidence Village sud 1 13380 PLAN DE CUQUES,410.2,Gaz naturel,2613E0058043D,29896403355140,1709.2,751.5,0.0,429.8,Électricité,6252697.97,Gaz naturel,13380,16.9,chauffage + ecs,,9c89bfe698d8a8f03f8117661944ecb330ec1abba7cf24ca9a10e2082f618ee5,0.0,0.0,817.7,0.0,433.7,0.0,Électricité,1454.7,1.0,83.1,106.2,"Bat 4, 4ème étage",,1.0,0.0,0.0,64.6,moyen,1.0,243.8,,,,,,pompe à chaleur,,,,Électricité,83.1,PAC air/air installée à partir de 2015,215.9,A partir de 2015,Refroidissement - Electrique - Pompe à chaleur air/air,,,,,,,,,,,,,,,,,,,,,,,,,,,,,existant,,,,,1429.4,9.08,23.48
,,,,1,0.61,,1151.9,3.5,,,79.8,1.5,adresse non géocodée ban car aucune correspondance trouvée,0,218.2,57.8,2022-09-14,1424.6,445.4,,,56.1,1962.2,très bonne,2022-09-14,376.6,158.4,très bonne,DPE NEUF logement : RT2012,bonne,,Gaz naturel,1.6,14123,456.0,3514.4,3386.8,14271,,1.0,3629.3,2032-09-13,,,28,,,,2.1,,454373.1,,Non affecté,,1 Rue Delle du Bisson 14123 Fleury-sur-Orne,13.0,,775129,,0.0,individuel,158.4,,0.0,,12.3,,,,,,,,5.3,,,,,,,,,,0.0,2.5,1962.2,Fleury-sur-Orne,"49.15782896019875,-0.36810293000221167",2022-09-14,appartement,après 2021,individuel,2008.7,1424.6,777.4,2026-01-09,C,14271_0211_00001,,,0.49,,FLEURY-SUR-ORNE,,C,,14,,,dpe issu d'une étude thermique réglementaire RT2012 bâtiment : appartement,1 de la Delle Buisson,413.7,0.0,23.1,,,,0.0,0.0,1962.2,,53.2,,Rue Delle du Bisson,très bonne,,,1 de la Delle Buisson14123 FLEURY-SUR-ORNE,0.0,Gaz naturel,2214N2099690G,31698591035000,,0.0,,218.2,,6900579.49,,14123,0.1,,,9b1f02f295a3e3c2474ce28fe743995c772caf965f922fc6e5549de01fe9a838,0.0,0.0,0.0,,85.1,,Électricité,24.7,1.0,62.7,1.7,1-Batiment I-1-Appartement n°0001,2022.0,,,0.0,0.0,,,0.0,0.0,,2214N2099621P,,,panneaux solaires photovoltaïques,,Reprise RNB,HZAYF7Q6DGF9,,,,,,,,,,,,,,,,,,,,,,,,,,,,,,,,,,,neuf,,,,,2247.7,6.76,18.08
,,,,65,0.97,,,184.6,,,54.4,80.3,adresse non géocodée ban car aucune correspondance trouvée,0,441.3,61.8,2025-02-05,0.0,753.6,,,52.1,3313.0,très bonne,2025-02-05,434.7,0.0,très bonne,DPE NEUF logement : RT2012,très bonne,,Gaz naturel,10.8,80000,40.0,4184.3,3313.0,80021,,,4968.5,2035-02-04,,,32,,,,2.4,,648637.05,,Non affecté,,65 Boulevard Guyencourt 80000 Amiens,,,943846,,0.0,,213.6,,752.0,,10.0,,,,,,,,27.9,,,,,,,,,,0.0,2.5,3332.1,Amiens,"49.892152010585676,2.285769940676326",2025-02-05,maison,après 2021,,1415.2,615.3,809.5,2026-01-02,B,80021_4020_00065,,,0.36,,AMIENS,,B,,80,,,dpe issu d'une étude thermique réglementaire RT2012 bâtiment : maison individuelle,65 boulevard Guyencourt,737.2,0.0,156.7,,H1a,,0.0,0.0,3356.9,,360.4,,Boulevard Guyencourt,très bonne,,inférieur à 400m,65 boulevard Guyencourt 80000 AMIENS,0.0,Gaz naturel,2580N0392250D,31698591035001,,752.0,,434.7,,6977281.09,,80000,5.1,,,2ef4b7a40143afef135fe7e0a237669da26923750d9fc3b8778e19b1a7f4f247,615.3,213.6,19.1,0.0,302.5,1.0,Électricité,871.3,1.0,80.3,55.8,,2025.0,1.0,1.0,39.4,1.2,moyen,0.0,6.6,,,,,,chauffe-eau thermodynamique,,,,,,,,,,,,,,,,,bâtiment E,,,,,,,,,,,,,,,,,,,,très bonne,neuf,,,,,2446.6,5.53,18.57
,,,,8,0.77,,251.3,4.1,,,102.0,1.8,adresse non géocodée ban car aucune correspondance trouvée,0,129.7,62.3,2025-01-14,1275.5,218.8,,,58.2,960.3,très bonne,2025-01-29,293.3,167.3,très bonne,DPE NEUF logement : RT2012,très bonne,,Gaz naturel,2.4,14000,290.6,2431.4,2235.8,14118,,1.0,2607.5,2035-01-13,,,28,,,,2.4,,456889.49,,Non affecté,,8 Rue des Fauvettes 14000 Caen,1.0,,252371,,0.0,,173.1,,0.0,,12.4,,,,,,,,5.1,,,,,,,,,,0.0,2.5,971.1,Caen,"49.17136604074042,-0.33444900525765514",2025-01-13,maison,2013-2021,,1313.4,1292.0,520.7,2026-01-11,C,14118_2920_00008,,,0.4,,CAEN,,C,,14,,,dpe issu d'une étude thermique réglementaire RT2012 bâtiment : maison individuelle,8 des Fauvettes,361.3,0.0,35.4,,,,0.0,0.0,985.1,,81.5,,Rue des Fauvettes,très bonne,,,8 des Fauvettes 14000 CAEN,0.0,Gaz naturel,2514N0311143C,31698591035002,,0.0,,126.0,,6901979.68,,14000,0.1,,,73bb53e5b6a21c1bd168c91a5191ec63140d1773616d2acc630c7749e524c1ec,16.5,5.7,10.8,,116.6,,Électricité,64.5,1.0,41.8,2.6,3-Bâtiment B-2-Logement B0001 - ESI: 2076.02.01.0001,2025.0,,,0.0,0.0,,,3.7,0.0,,2514N0311141A,,,,2514N0118347W,,,,,,,,,,,,,,,,,,,,,,,,,,,,,,,,,,,,,neuf,,,,,2247.7,6.76,18.08
,,,,,,,240.0,16.2,,,35.5,8.5,adresse non géocodée ban car aucune correspondance trouvée,0,341.8,90.4,2025-11-14,1698.6,578.7,,,86.3,2540.9,très bonne,2026-01-07,556.2,222.9,très bonne,DPE NEUF logement : RT2012,bonne,,Gaz naturel,7.1,,386.7,4477.4,4239.6,,,1.0,4691.5,2035-11-13,,,,,,,2.6,,,,Non affecté,,,4.0,,186133,,0.0,individuel,229.0,,0.0,,18.8,,,,,,,,3.0,,,,,,,,,,0.0,2.5,2565.1,,,2025-11-14,appartement,après 2021,individuel,1732.4,1716.4,978.5,2026-01-07,C,,,,0.57,2.0,REIMS,,C,,nan,,,dpe issu d'une étude thermique réglementaire RT2012 bâtiment : appartement,9 Bis de la Petite Juiverie,638.8,0.0,102.2,,,,0.0,0.0,2586.9,,194.1,,,très bonne,,,9 Bis de la Petite Juiverie 51100 REIMS,0.0,Gaz naturel,2551N4043399V,31698591035003,,0.0,,333.4,,,,51100,0.5,,,9484da9a493d6f788a5ff8c8cc24ce28c68915d434be9b21f2ae6bd49432ee22,17.8,6.2,24.2,,82.6,,Électricité,237.8,1.0,51.9,13.0,1-BAT_1-4-201,2026.0,,,0.0,0.0,,,8.4,0.0,,2551N3586586C,,,,2551N4000589H,,,,,,,,,,,,,,,,,,,,,,,,,,,,,,,,,,,,,neuf,,,,,,,
,,,,,,,2992.7,165.0,,,43.8,86.8,adresse non géocodée ban car aucune correspondance trouvée,0,238.1,63.5,2026-01-09,1789.4,405.4,,,59.5,1781.6,très bonne,2026-01-09,468.5,234.8,très bonne,DPE NEUF logement : RT2012,moyenne,,Gaz naturel,8.7,,407.1,3858.8,3571.0,,,1.0,4117.9,2036-01-08,,,,,,,2.6,,,,Non affecté,,,51.0,,94619,,0.0,individuel,239.9,,0.0,,12.8,,,,,,,,30.1,,,,,,,,,,0.0,2.5,1794.1,,,2026-01-09,appartement,après 2021,individuel,1817.6,1804.2,829.9,2026-01-09,C,,,,0.66,2.0,LENS,,C,,nan,,,dpe issu d'une étude thermique réglementaire RT2012 bâtiment : appartement,19 Pierre Loti,568.5,0.0,126.3,,,,0.0,0.0,1805.4,,240.0,,,bonne,,,19 Pierre Loti 62300 LENS,0.0,Gaz naturel,2662N0062237R,31698591035004,,0.0,,233.7,,,,62300,5.6,,,c92bca8e7cf1320747f32f800a2715cafcaac89272088754b9a821af0a3668cf,14.8,5.2,12.5,,100.0,,Électricité,287.9,1.0,64.8,17.3,1-Bâtiment A-34-R+2 - n°1207,2026.0,,,0.0,0.0,,,4.4,0.0,,2662N0062052O,,,,,,,,,,,,,,,,,,,,,,,,,,,,,,,,,,,,,,,,,neuf,,,,,,,
,,,,20,0.97,,1057.2,30.7,,,89.6,13.3,adresse non géocodée ban car aucune correspondance trouvée,0,185.8,65.4,2025-05-16,1249.1,314.6,,,61.8,1381.3,très bonne,2025-05-16,345.1,163.9,très bonne,DPE NEUF logement : RT2012,bonne,,Gaz naturel,2.1,49100,284.5,2812.7,2630.3,49007,,1.0,2976.8,2035-05-15,,,52,,,,2.4,,433887.5,,Non affecté,,20 Rue Robert Surcouf 49100 Angers,17.0,,743487,,0.0,individuel,169.3,,0.0,,13.3,,,,,,,,38.4,,,,,,,,,,0.0,2.5,1394.4,Angers,"47.47929897981316,-0.5346360336793146",2025-05-16,appartement,après 2021,individuel,1285.0,1264.7,609.4,2026-01-06,C,49007_3978_00020,,,0.57,,Angers,,C,,49,,,dpe issu d'une étude thermique réglementaire RT2012 bâtiment : appartement,20 Rue Robert Surcouf,408.4,0.0,31.1,,,,0.0,0.0,1411.4,,71.6,,Rue Robert Surcouf,très bonne,,,20 Rue Robert Surcouf 49100 Angers,0.0,Gaz naturel,2549N1630537J,31698591035005,,0.0,,181.2,,6714728.03,,49100,0.9,,,b6d5a618e1a9a082bd42ebe025f56fa4f72edf591d98ffc81acdf186bbf3f3dd,15.6,5.4,13.1,,138.0,,Électricité,73.2,1.0,45.5,3.0,1-DESJARDINS-6-Log C103,2025.0,,,0.0,0.0,,,4.5,0.0,,2549N1630519R,,,,,,,,,,,,,,,,,,,,,,,,,,,,,,,,,,,,,,,,,neuf,,,,,2042.9,6.82,20.2
,,,,5,0.61,,4273.9,0.0,,,133.6,0.0,adresse non géocodée ban car aucune correspondance trouvée,0,279.4,57.4,2023-03-28,1257.7,381.2,,,49.8,1534.1,très bonne,2023-03-28,310.5,139.9,très bonne,DPE NEUF logement : RT2012,bonne,,Gaz naturel,2.4,14000,285.5,3368.1,2791.8,14118,,1.0,3886.7,2033-03-27,,,28,,,,2.2,,456055.47,,Non affecté,,5 Avenue Victor Hugo 14000 Caen,54.0,,721515,,0.0,individuel,139.9,,0.0,,10.0,,,,,,,,0.0,,,,,,,,,,0.0,2.5,1951.8,Caen,"49.18292898076676,-0.3466429451786966",2023-03-17,appartement,après 2021,individuel,1257.7,1257.7,677.6,2026-01-09,B,14118_7350_00005,,,0.56,,Caen,,B,,14,,,dpe issu d'une étude thermique réglementaire RT2012 bâtiment : appartement,5 Victor Hugo,460.5,0.0,34.8,,,,0.0,0.0,2494.7,,80.0,,Avenue Victor Hugo,très bonne,,,5 Victor Hugo14000 Caen,0.0,Gaz naturel,2314N1029256T,31698591035006,,0.0,,170.6,,6903302.27,,14000,0.0,,,2d60dba7d7de55c0adcd21614f2be0399ee3762c319337c77d5ab83f7e4d9106,0.0,0.0,417.6,,242.3,,Électricité,452.4,1.0,67.6,2.4,1-PLUGIN 1+2-34-E 102,2023.0,,,0.0,0.0,,,108.7,0.0,,,,,,,,,,,,,,,,,,,,,,,,,,,,,,,,,,,,,,,,,,,neuf,,,,,2247.7,6.76,18.08
,,,,76,0.71,,656.0,108.4,,,25.1,57.1,adresse géocodée ban à l'adresse,0,162.2,54.0,2026-01-12,553.9,39.8,,,28.0,503.6,très bonne,2026-01-12,384.0,178.4,bonne,DPE NEUF logement : RT2012,bonne,,Électricité,5.4,92700,36.0,1192.4,1192.4,92025,,1.0,2265.5,2036-01-11,,26/MP/0469,11,,,,2.6,,646165.49,,Non affecté,,76 Rue Jean Jacques Rousseau 92700 Colombes,12.0,,976829,,0.0,collectif,178.4,,84.8,,2.0,,,,,,,,18.4,,,,,,,,,,0.0,2.5,503.6,Colombes,"48.93245502981717,2.26521700268962",2025-12-05,appartement,après 2021,individuel,1052.4,553.9,84.8,2026-01-12,A,92025_4745_00076,,,0.58,0.0,COLOMBES,,A,,92,,,dpe issu d'une étude thermique réglementaire RT2012 bâtiment : appartement,76 rue Jean Jacques Rousseau,384.0,0.0,77.8,,H1a,,36.0,0.0,956.9,,147.8,,Rue Jean Jacques Rousseau,bonne,,inférieur à 400m,76 rue Jean Jacques Rousseau 92700 COLOMBES,0.0,Électricité,2692N0074264K,31698591035007,,39.8,,162.2,,6870525.76,,92700,3.7,,,0c11cbfb07bfd119c0c6b78f4c36845a477acb9957ad39345f336a99db102a89,,,,,,,,,,41.2,,Bat B B02,2021.0,,,,,Non affecté,,,0.0,,2692N0074185J,,,pompe à chaleur,,,,,,,,,,,,,,,,,,,,,,,,,,,,,,,,,,,,,,neuf,13771030.1,1037595.0,27.1,424.2,2293.0,5.79,19.72
,,,,,0.45,,141.7,45.1,,,139.8,19.6,adresse non géocodée ban car aucune correspondance trouvée,0,187.8,42.8,2024-02-26,503.5,63.5,,,22.5,803.9,très bonne,2024-02-26,529.1,117.6,très bonne,DPE NEUF logement : RT2012,très bonne,,Électricité,2.3,33510,32.7,1596.4,1359.7,33005,,1.0,3033.1,2034-02-25,,,75,,,,2.3,,376843.31,,Non affecté,,Allée des Sablières 33510 Andernos-les-Bains,1.0,,670789,,0.0,,117.6,,3.5,,1.6,,,,,,,,83.9,,,,,,,,,,0.0,2.5,803.9,Andernos-les-Bains,"44.74656999476184,-1.084358027539556",2024-02-26,maison,après 2021,,1158.1,503.5,115.4,2026-01-12,A,33005_0778,,,0.37,,ANDERNOS LES BAINS,,A,,33,,,dpe issu d'une étude thermique réglementaire RT2012 bâtiment : maison individuelle,Les Parcelles Sud,372.9,0.0,32.7,,,,0.0,0.0,1849.1,,75.1,,Allée des Sablières,très bonne,,,Les Parcelles Sud33150 ANDERNOS LES BAINS,0.0,Électricité,2433N0701166R,31698591035008,,0.0,,187.8,,6413630.28,,33150,1.3,,,512ccb05f093a5d88bebb35c3a7658e9deb7306b5b333f916ea47876c8c9c965,,,,,,,,,1.0,70.9,,10-Logement 12-13 T3-2-Maison 13,2024.0,,,,,,,,0.0,,2433N0701154F,,,Il existe plusieurs descriptifs ENR,,,,,,,,,,,,,,,,,,,,,,,,,,,,,,,,,,,,,,neuf,,,,,1735.7,7.73,21.41
,,,,,,,1337.5,25.7,,,28.1,13.5,adresse non géocodée ban car aucune correspondance trouvée,0,85.5,61.5,2026-01-05,1597.0,49.8,,,59.3,958.2,très bonne,2026-01-05,227.9,142.5,très bonne,DPE NEUF logement : RT2012,bonne,,Réseau de Chauffage urbain,5.6,,83.0,2667.7,2555.2,,,1.0,2769.0,2036-01-04,,,,,,,2.6,,,,Non affecté,,,27.0,,114612,,0.0,individuel,142.4,,0.0,,3.1,,,,,,,,4.7,,,,,,,,,,0.0,2.5,958.2,,,2026-01-05,appartement,2013-2021,individuel,1597.0,1597.0,140.5,2026-01-05,A,,,,0.48,0.0,GRIGNY,,A,,nan,,,dpe issu d'une étude thermique réglementaire RT2012 bâtiment : appartement,Rue ROL TANGUY & Rue de la liberté,267.0,0.0,81.0,,,,0.0,0.0,958.2,,153.9,,,très bonne,,,Rue ROL TANGUY & Rue de la liberté 91350 GRIGNY,0.0,Réseau de Chauffage urbain,2691N0017339Y,31698591035009,,0.0,,85.5,,,,91350,0.9,,,e93b2e9b4c8c7eaf6beb7136b2b1a94c6f0e144297ada0a9bf321d34e739afdc,0.0,0.0,0.0,,39.1,,Électricité,112.5,1.0,45.0,7.6,3-Batiment C-24-C 308,2026.0,,,0.0,0.0,,,0.0,0.0,,,,,réseau de chaleur ou de froid vertueux,,,,,,,,,,,,,,,,,,,,,,,,,,,,,,,,,,,,,,neuf,,,,,,,
