code_departement,latitude,longitude,start_date,end_date,dju,t_moy_hiver,t_moy_ete
01,46.2052,5.2258,2019-01-01,2023-12-31,2345.5,4.71,21.24
02,49.5656,3.6204,2019-01-01,2023-12-31,2475.0,5.15,19.05
03,46.3402,2.6064,2019-01-01,2023-12-31,2315.6,5.48,20.35
04,44.0925,6.2316,2019-01-01,2023-12-31,2391.3,4.51,22.3
05,44.5588,6.0773,2019-01-01,2023-12-31,2625.9,3.64,21.11
06,43.7102,7.262,2019-01-01,2023-12-31,1362.4,9.09,24.3
07,44.558,4.598,2019-01-01,2023-12-31,1874.9,6.64,23.87
08,49.7719,4.7202,2019-01-01,2023-12-31,2798.4,3.97,18.3
09,42.963,1.605,2019-01-01,2023-12-31,1941.0,7.17,21.16
10,48.2973,4.0744,2019-01-01,2023-12-31,2382.0,5.26,20.15
11,43.2128,2.3537,2019-01-01,2023-12-31,1636.9,8.07,23.58
12,44.3494,2.575,2019-01-01,2023-12-31,2648.5,4.51,19.39
13,43.2965,5.3698,2019-01-01,2023-12-31,1429.4,9.08,23.48
14,49.1829,-0.3707,2019-01-01,2023-12-31,2247.7,6.76,18.08
15,44.9297,2.444,2019-01-01,2023-12-31,2742.9,4.08,18.67
16,45.65,0.16,2019-01-01,2023-12-31,1943.6,6.94,20.78
17,46.1591,-1.1522,2019-01-01,2023-12-31,1732.8,8.11,20.1
18,47.081,2.3988,2019-01-01,2023-12-31,2194.3,5.85,20.61
19,45.267,1.771,2019-01-01,2023-12-31,2026.7,6.59,21.03
21,47.322,5.0415,2019-01-01,2023-12-31,2549.5,4.14,20.44
22,48.514,-2.76,2019-01-01,2023-12-31,2111.6,7.77,17.38
23,46.17,1.87,2019-01-01,2023-12-31,2554.5,4.94,18.85
24,45.184,0.718,2019-01-01,2023-12-31,1986.3,6.59,21.02
25,47.2378,6.0241,2019-01-01,2023-12-31,2525.6,4.33,20.23
26,44.9333,4.8917,2019-01-01,2023-12-31,2086.7,5.52,23.15
27,49.027,1.151,2019-01-01,2023-12-31,2412.0,5.68,18.83
28,48.4439,1.4892,2019-01-01,2023-12-31,2388.0,5.5,19.44
29,48.3904,-4.4861,2019-01-01,2023-12-31,2060.5,8.37,16.92
2A,41.9264,8.7364,2019-01-01,2023-12-31,1343.3,9.58,24.54
2B,42.7028,9.4475,2019-01-01,2023-12-31,1123.2,10.73,25.35
30,43.8367,4.3601,2019-01-01,2023-12-31,1636.1,7.64,24.76
31,43.6047,1.4442,2019-01-01,2023-12-31,1857.1,6.93,22.63
32,43.645,0.586,2019-01-01,2023-12-31,1928.6,6.84,21.24
33,44.8378,-0.5792,2019-01-01,2023-12-31,1735.7,7.73,21.41
34,43.6108,3.8767,2019-01-01,2023-12-31,1554.1,8.06,24.59
35,48.1173,-1.6778,2019-01-01,2023-12-31,2150.8,6.78,18.72
36,46.809,1.691,2019-01-01,2023-12-31,2171.9,6.07,20.66
37,47.3941,0.6848,2019-01-01,2023-12-31,2109.6,6.37,20.49
38,45.1885,5.7245,2019-01-01,2023-12-31,2014.9,5.9,22.53
39,46.675,5.554,2019-01-01,2023-12-31,2386.2,4.75,20.8
40,43.89,-0.5,2019-01-01,2023-12-31,1725.8,7.69,21.62
41,47.586,1.336,2019-01-01,2023-12-31,2153.6,6.19,20.44
42,45.4397,4.3872,2019-01-01,2023-12-31,2525.2,4.4,20.52
43,45.043,3.885,2019-01-01,2023-12-31,2667.3,4.09,19.7
44,47.2184,-1.5536,2019-01-01,2023-12-31,1944.7,7.39,19.8
45,47.9029,1.9093,2019-01-01,2023-12-31,2231.9,5.87,20.19
46,44.447,1.441,2019-01-01,2023-12-31,2053.6,6.12,21.36
47,44.203,0.621,2019-01-01,2023-12-31,1860.0,6.84,22.2
48,44.518,3.5,2019-01-01,2023-12-31,2752.8,3.88,19.47
49,47.4712,-0.5518,2019-01-01,2023-12-31,2042.9,6.82,20.2
50,49.114,-1.092,2019-01-01,2023-12-31,2326.6,6.61,17.59
51,49.2583,4.0317,2019-01-01,2023-12-31,2477.7,5.05,19.41
52,48.112,5.139,2019-01-01,2023-12-31,2645.8,4.21,19.38
53,48.072,-0.77,2019-01-01,2023-12-31,2252.4,6.24,19.01
54,48.6921,6.1844,2019-01-01,2023-12-31,2668.0,3.97,19.88
55,49.158,5.383,2019-01-01,2023-12-31,2736.9,4.03,19.01
56,47.748,-2.735,2019-01-01,2023-12-31,2181.2,7.03,18.06
57,49.1193,6.1757,2019-01-01,2023-12-31,2639.2,4.16,19.82
58,46.99,3.162,2019-01-01,2023-12-31,2285.5,5.4,20.52
59,50.6292,3.0573,2019-01-01,2023-12-31,2478.8,5.42,18.42
60,49.417,2.826,2019-01-01,2023-12-31,2377.1,5.52,19.4
61,48.43,0.093,2019-01-01,2023-12-31,2407.4,5.64,18.73
62,50.428,2.832,2019-01-01,2023-12-31,2479.6,5.44,18.39
63,45.7772,3.087,2019-01-01,2023-12-31,2459.0,4.7,20.14
64,43.2951,-0.3708,2019-01-01,2023-12-31,1816.6,7.59,20.67
65,43.233,0.078,2019-01-01,2023-12-31,1958.2,7.11,20.33
66,42.6987,2.8956,2019-01-01,2023-12-31,1309.1,9.34,25.0
67,48.5734,7.7521,2019-01-01,2023-12-31,2541.1,4.0,20.89
68,48.079,7.358,2019-01-01,2023-12-31,2550.0,4.13,20.46
69,45.764,4.8357,2019-01-01,2023-12-31,2263.1,4.79,22.08
70,47.623,6.155,2019-01-01,2023-12-31,2643.4,3.9,19.84
71,46.307,4.83,2019-01-01,2023-12-31,2248.5,4.98,21.75
72,48.0061,0.1996,2019-01-01,2023-12-31,2175.5,6.3,19.85
73,45.566,5.921,2019-01-01,2023-12-31,2223.8,5.02,21.91
74,45.8992,6.1294,2019-01-01,2023-12-31,2550.0,4.04,20.54
75,48.8566,2.3522,2019-01-01,2023-12-31,2272.0,5.79,19.98
76,49.4431,1.0993,2019-01-01,2023-12-31,2432.5,5.69,18.35
77,48.54,2.66,2019-01-01,2023-12-31,2303.2,5.65,20.03
78,48.8014,2.1301,2019-01-01,2023-12-31,2336.9,5.65,19.52
79,46.324,-0.464,2019-01-01,2023-12-31,1930.1,7.12,20.67
80,49.894,2.296,2019-01-01,2023-12-31,2446.6,5.53,18.57
81,43.9298,2.148,2019-01-01,2023-12-31,2015.4,6.32,21.85
82,44.017,1.355,2019-01-01,2023-12-31,1889.1,6.54,22.46
83,43.1242,5.928,2019-01-01,2023-12-31,1224.8,10.18,24.62
84,43.9493,4.8055,2019-01-01,2023-12-31,1685.7,7.21,24.86
85,46.67,-1.426,2019-01-01,2023-12-31,1979.4,7.25,19.83
86,46.5802,0.3404,2019-01-01,2023-12-31,2095.6,6.44,20.4
87,45.8336,1.2611,2019-01-01,2023-12-31,2323.7,5.56,19.59
88,48.174,6.451,2019-01-01,2023-12-31,2750.3,3.69,19.45
89,47.798,3.567,2019-01-01,2023-12-31,2369.6,5.27,20.24
90,47.639,6.863,2019-01-01,2023-12-31,2792.4,3.31,19.47
91,48.628,2.44,2019-01-01,2023-12-31,2277.0,5.73,20.17
92,48.892,2.207,2019-01-01,2023-12-31,2293.0,5.79,19.72
93,48.91,2.44,2019-01-01,2023-12-31,2277.1,5.76,20.03
94,48.79,2.46,2019-01-01,2023-12-31,2262.3,5.8,20.06
95,49.036,2.076,2019-01-01,2023-12-31,2318.4,5.71,19.57
971,16.241,-61.533,2019-01-01,2023-12-31,0.0,25.34,27.81
972,14.616,-61.059,2019-01-01,2023-12-31,0.0,25.01,26.96
973,4.922,-52.313,2019-01-01,2023-12-31,0.0,25.46,26.0
974,-20.8789,55.4481,2019-01-01,2023-12-31,0.0,26.35,21.65
976,-12.7806,45.2278,2019-01-01,2023-12-31,0.0,26.86,24.43
